AccusedMasterID,CaseMasterID,AccusedName,AgeYear,GenderID,PersonID
1,1,Ganesh S. Patil,43,M,A1
2,2,Mohan Q. Rao,49,M,A1
3,2,Manjunath R. Reddy,23,M,A2
4,2,Meena F. Singh,24,F,A3
5,3,Prakash F. Rao,43,M,A1
6,4,Arun P. Nayak,36,M,A1
7,4,Manjunath P. Khan,53,M,A2
8,5,Basavaraj A. Sharma,33,M,A1
9,6,Kiran M. Nayak,34,M,A1
10,6,Nandini B. Nair,33,F,A2
11,6,Vijay G. Singh,41,M,A3
12,7,Mahesh E. Nair,21,M,A1
13,7,Syed X. Kumar,46,M,A2
14,7,Ravi X. Singh,20,M,A3
15,8,Mahesh D. Khan,20,M,A1
16,8,Farhan R. Patil,48,M,A2
17,8,Suresh C. Reddy,37,M,A3
18,9,Vijay P. Gowda,32,M,A1
19,10,Chandana P. Gowda,51,F,A1
20,11,Manjunath B. Patil,26,M,A1
21,11,Farhan P. Patil,47,M,A2
22,11,Vijay D. Nair,46,M,A3
23,12,Ganesh U. Kumar,52,M,A1
24,13,Kavitha J. Sharma,44,F,A1
25,13,Santhosh L. Singh,29,M,A2
26,13,Ravi D. Nair,29,M,A3
27,14,Arun M. Singh,27,M,A1
28,14,Basavaraj G. Shetty,34,M,A2
29,15,Vijay U. Kumar,42,M,A1
30,15,Venkatesh I. Reddy,25,M,A2
31,16,Rajesh R. Shetty,55,M,A1
32,16,Nagaraj E. Hegde,51,M,A2
33,17,Mohan P. Shetty,49,M,A1
34,17,Imran Z. Rao,55,M,A2
35,17,Suresh Q. Reddy,46,M,A3
36,18,Lokesh N. Rao,44,M,A1
37,18,Ravi A. Nair,54,M,A2
38,18,Manjunath U. Rao,49,M,A3
39,19,Vijay U. Singh,51,M,A1
40,19,Nagaraj J. Kumar,36,M,A2
41,20,Rajesh F. Nair,24,M,A1
42,21,Meena H. Nayak,34,F,A1
43,21,Vijay E. Khan,22,M,A2
44,22,Santhosh W. Reddy,38,M,A1
45,22,Prakash B. Kumar,22,M,A2
46,23,Ganesh T. Kumar,33,M,A1
47,23,Chandana C. Sharma,19,F,A2
48,23,Vijay C. Hegde,27,M,A3
49,24,Lokesh C. Rao,23,M,A1
50,25,Mahesh Z. Gowda,35,M,A1
51,25,Usha Y. Rao,42,F,A2
52,25,Rajesh L. Naik,42,M,A3
53,26,Mahesh E. Nair,49,M,A1
54,26,Ravi F. Hegde,53,M,A2
55,27,Ravi D. Nair,34,M,A1
56,27,Santhosh J. Kumar,34,M,A2
57,28,Lokesh O. Nair,46,M,A1
58,29,Basavaraj V. Nayak,38,M,A1
59,30,Syed M. Kumar,45,M,A1
60,30,Priya H. Naik,35,F,A2
61,31,Nagaraj O. Hegde,40,M,A1
62,31,Nagaraj Y. Kumar,42,M,A2
63,32,Rajesh K. Rao,43,M,A1
64,32,Suresh Q. Kumar,54,M,A2
65,32,Rajesh B. Sharma,47,M,A3
66,33,Lakshmi X. Rao,55,F,A1
67,34,Prakash W. Nair,22,M,A1
68,35,Farhan S. Gowda,35,M,A1
69,35,Imran S. Reddy,20,M,A2
70,36,Rashmi R. Reddy,39,F,A1
71,37,Arun I. Reddy,22,M,A1
72,38,Syed O. Shetty,41,M,A1
73,38,Venkatesh A. Reddy,22,M,A2
74,39,Venkatesh K. Shetty,33,M,A1
75,39,Arjun O. Singh,27,M,A2
76,39,Vijay U. Singh,18,M,A3
77,40,Sunitha Z. Nair,53,F,A1
78,41,Nagaraj R. Patil,50,M,A1
79,41,Ravi N. Singh,23,M,A2
80,42,Nagaraj J. Kumar,31,M,A1
81,42,Suresh F. Singh,55,M,A2
82,43,Mahesh V. Naik,19,M,A1
83,43,Prakash A. Gowda,43,M,A2
84,43,Basavaraj R. Naik,52,M,A3
85,44,Vijay S. Shetty,55,M,A1
86,44,Rajesh X. Sharma,47,M,A2
87,45,Syed A. Kumar,54,M,A1
88,46,Arun R. Sharma,34,M,A1
89,46,Farhan J. Naik,29,M,A2
90,46,Ganesh B. Sharma,18,M,A3
91,47,Santhosh V. Rao,54,M,A1
92,47,Prakash Q. Sharma,26,M,A2
93,47,Imran X. Hegde,26,M,A3
94,48,Nagaraj N. Singh,44,M,A1
95,48,Syed P. Hegde,49,M,A2
96,49,Nagaraj N. Singh,29,M,A1
97,50,Imran M. Singh,52,M,A1
98,50,Prakash W. Nair,38,M,A2
99,51,Basavaraj J. Shetty,27,M,A1
100,51,Basavaraj Q. Shetty,18,M,A2
101,52,Vijay W. Nayak,41,M,A1
102,53,Mahesh Q. Singh,40,M,A1
103,54,Ravi A. Nair,24,M,A1
104,55,Manjunath D. Kumar,47,M,A1
105,55,Arjun A. Rao,49,M,A2
106,55,Suresh L. Nair,29,M,A3
107,56,Lokesh N. Rao,18,M,A1
108,56,Lakshmi T. Nair,29,F,A2
109,57,Rashmi I. Reddy,29,F,A1
110,57,Lokesh W. Patil,20,M,A2
111,57,Kiran S. Nayak,36,M,A3
112,58,Arun I. Sharma,38,M,A1
113,58,Basavaraj J. Shetty,38,M,A2
114,59,Nagaraj Y. Kumar,40,M,A1
115,60,Vijay L. Nayak,37,M,A1
116,60,Arun I. Reddy,22,M,A2
117,60,Mahesh V. Naik,40,M,A3
118,61,Lokesh N. Rao,31,M,A1
119,62,Suresh C. Nair,52,M,A1
120,63,Arjun Y. Gowda,30,M,A1
121,63,Venkatesh V. Nair,37,M,A2
122,64,Nagaraj B. Singh,39,M,A1
123,64,Basavaraj O. Nair,22,M,A2
124,65,Farhan Q. Hegde,37,M,A1
125,65,Arjun P. Kumar,33,M,A2
126,65,Meena O. Naik,43,F,A3
127,66,Imran P. Nair,37,M,A1
128,67,Farhan Q. Nayak,25,M,A1
129,67,Manjunath Q. Hegde,28,M,A2
130,67,Venkatesh O. Khan,49,M,A3
131,68,Santhosh I. Shetty,49,M,A1
132,68,Mahesh P. Patil,32,M,A2
133,68,Kiran M. Nayak,30,M,A3
134,69,Imran U. Naik,35,M,A1
135,69,Lakshmi Z. Patil,54,F,A2
136,69,Manjunath M. Singh,51,M,A3
137,70,Manjunath R. Reddy,51,M,A1
138,70,Syed C. Patil,46,M,A2
139,71,Vijay E. Sharma,23,M,A1
140,71,Kavitha J. Sharma,43,M,A2
141,72,Lokesh G. Patil,21,M,A1
142,73,Venkatesh V. Rao,38,M,A1
143,73,Manjunath M. Singh,52,M,A2
144,74,Lokesh O. Hegde,44,M,A1
145,75,Manjunath O. Singh,38,M,A1
146,76,Santhosh C. Naik,32,M,A1
147,76,Imran O. Shetty,41,M,A2
148,77,Venkatesh L. Khan,21,M,A1
149,78,Lokesh G. Patil,30,M,A1
150,78,Kiran P. Nayak,40,M,A2
151,79,Suresh F. Khan,35,M,A1
152,79,Prakash W. Sharma,19,M,A2
153,79,Prakash P. Sharma,31,M,A3
154,80,Meena O. Naik,28,M,A1
155,80,Basavaraj X. Sharma,49,M,A2
156,81,Basavaraj K. Rao,49,M,A1
157,82,Syed L. Kumar,47,M,A1
158,82,Prakash Q. Singh,48,M,A2
159,82,Santhosh J. Nayak,33,M,A3
160,83,Vijay O. Kumar,31,M,A1
161,84,Venkatesh D. Hegde,35,M,A1
162,84,Syed M. Shetty,31,M,A2
163,85,Ganesh I. Kumar,52,M,A1
164,86,Anitha Y. Kumar,55,F,A1
165,86,Manjunath D. Kumar,21,M,A2
166,86,Mahesh G. Naik,55,M,A3
167,87,Suresh D. Nair,54,M,A1
168,88,Venkatesh U. Shetty,27,M,A1
169,88,Prakash V. Rao,55,M,A2
170,89,Imran D. Rao,52,M,A1
171,89,Farhan Y. Kumar,36,M,A2
172,89,Vijay O. Sharma,50,M,A3
173,90,Syed B. Naik,19,M,A1
174,90,Rajesh A. Nair,44,M,A2
175,91,Vijay P. Rao,30,M,A1
176,91,Prakash H. Khan,51,M,A2
177,91,Manjunath R. Reddy,33,M,A3
178,92,Mohan F. Kumar,18,M,A1
179,92,Santhosh H. Naik,24,M,A2
180,92,Mahesh D. Reddy,55,M,A3
181,93,Arjun B. Rao,48,M,A1
182,93,Arjun G. Reddy,25,M,A2
183,93,Mahesh Z. Hegde,30,M,A3
184,94,Basavaraj G. Nair,26,M,A1
185,94,Basavaraj M. Rao,20,M,A2
186,95,Arun W. Gowda,44,M,A1
187,95,Syed B. Naik,52,M,A2
188,96,Santhosh Y. Khan,41,M,A1
189,96,Manjunath D. Singh,43,M,A2
190,97,Mohan F. Kumar,50,M,A1
191,97,Rajesh M. Shetty,35,M,A2
192,98,Imran R. Reddy,49,M,A1
193,99,Ganesh G. Shetty,18,M,A1
194,100,Manjunath K. Naik,23,M,A1
195,100,Manjunath A. Naik,38,M,A2
196,100,Arjun F. Sharma,22,M,A3
197,101,Suresh F. Singh,50,M,A1
198,102,Meena H. Nayak,53,M,A1
199,102,Basavaraj X. Gowda,43,M,A2
200,103,Prakash I. Kumar,18,M,A1
201,103,Ravi M. Khan,33,M,A2
202,103,Kiran J. Nayak,35,M,A3
203,104,Prakash F. Rao,22,M,A1
204,104,Syed Q. Sharma,20,M,A2
205,105,Mohan X. Nair,31,M,A1
206,105,Vijay O. Shetty,51,M,A2
207,106,Vijay Y. Naik,29,M,A1
208,107,Imran Z. Rao,40,M,A1
209,108,Suresh W. Nair,24,M,A1
210,108,Santhosh K. Kumar,29,M,A2
211,108,Prakash O. Gowda,47,M,A3
212,109,Farhan C. Singh,33,M,A1
213,110,Basavaraj O. Nayak,30,M,A1
214,110,Chandana C. Sharma,23,M,A2
215,110,Mohan A. Nair,30,M,A3
216,111,Vijay C. Hegde,29,M,A1
217,111,Nagaraj J. Patil,18,M,A2
218,111,Venkatesh C. Kumar,35,M,A3
219,112,Kiran V. Kumar,55,M,A1
220,112,Venkatesh P. Hegde,46,M,A2
221,112,Mohan J. Naik,53,M,A3
222,113,Mahesh L. Naik,55,M,A1
223,113,Basavaraj N. Sharma,18,M,A2
224,113,Arjun U. Nair,35,M,A3
225,114,Suresh W. Singh,40,M,A1
226,114,Mohan Q. Sharma,28,M,A2
227,115,Basavaraj G. Shetty,47,M,A1
228,116,Mahesh J. Naik,45,M,A1
229,116,Farhan H. Naik,48,M,A2
230,117,Basavaraj K. Nair,26,M,A1
231,117,Santhosh Z. Nayak,40,M,A2
232,117,Kiran M. Nayak,27,M,A3
233,118,Syed F. Sharma,36,M,A1
234,118,Basavaraj P. Hegde,42,M,A2
235,119,Anitha U. Naik,42,F,A1
236,120,Arun F. Kumar,31,M,A1
237,120,Venkatesh V. Rao,39,F,A2
238,120,Imran B. Sharma,40,M,A3
239,121,Lokesh N. Patil,31,M,A1
240,121,Rajesh K. Sharma,34,M,A2
241,121,Mohan Z. Nair,44,M,A3
242,122,Prakash Y. Nayak,26,M,A1
243,122,Meena X. Singh,42,F,A2
244,122,Rajesh T. Khan,41,M,A3
245,123,Basavaraj V. Nayak,48,M,A1
246,123,Anitha U. Naik,55,M,A2
247,124,Ganesh W. Naik,53,M,A1
248,125,Arun W. Nayak,38,M,A1
249,125,Santhosh B. Patil,28,M,A2
250,126,Arjun E. Khan,43,M,A1
251,126,Mohan L. Gowda,22,M,A2
252,127,Basavaraj G. Nair,26,M,A1
253,127,Lokesh P. Rao,23,M,A2
254,128,Nagaraj R. Sharma,48,M,A1
255,128,Rajesh U. Patil,34,M,A2
256,128,Ravi F. Hegde,51,M,A3
257,129,Nagaraj A. Gowda,19,M,A1
258,129,Manjunath A. Naik,39,M,A2
259,129,Arun L. Khan,40,M,A3
260,130,Basavaraj O. Nayak,49,M,A1
261,130,Imran D. Rao,39,M,A2
262,130,Vijay M. Shetty,25,M,A3
263,131,Suresh H. Patil,42,M,A1
264,131,Ravi S. Reddy,45,M,A2
265,131,Manjunath M. Gowda,18,M,A3
266,132,Ravi C. Patil,29,M,A1
267,133,Rajesh Z. Shetty,36,M,A1
268,134,Deepa F. Singh,46,F,A1
269,134,Venkatesh L. Khan,21,M,A2
270,135,Venkatesh T. Hegde,50,M,A1
271,135,Arun O. Sharma,36,M,A2
272,135,Rekha H. Rao,50,F,A3
273,136,Vijay K. Patil,33,M,A1
274,136,Ganesh J. Nair,46,M,A2
275,137,Imran V. Kumar,19,M,A1
276,138,Prakash A. Khan,34,M,A1
277,138,Farhan B. Khan,46,M,A2
278,138,Rajesh M. Rao,34,M,A3
279,139,Arjun E. Naik,23,M,A1
280,139,Nagaraj O. Kumar,26,M,A2
281,139,Vijay S. Shetty,23,M,A3
282,140,Ravi E. Shetty,29,M,A1
283,140,Mohan F. Singh,33,M,A2
284,140,Vijay L. Nayak,37,M,A3
285,141,Lokesh P. Gowda,46,M,A1
286,141,Lokesh W. Patil,27,M,A2
287,142,Arun G. Kumar,23,M,A1
288,143,Farhan M. Hegde,29,M,A1
289,144,Prakash V. Reddy,31,M,A1
290,144,Santhosh P. Shetty,53,M,A2
291,144,Manjunath R. Hegde,48,M,A3
292,145,Ganesh T. Khan,34,M,A1
293,146,Venkatesh J. Reddy,22,M,A1
294,147,Syed M. Reddy,27,M,A1
295,147,Nagaraj V. Kumar,29,M,A2
296,147,Ravi K. Sharma,30,M,A3
297,148,Imran Q. Shetty,32,M,A1
298,148,Mohan X. Shetty,50,M,A2
299,148,Arjun A. Hegde,44,M,A3
300,149,Farhan R. Nayak,28,M,A1
301,149,Mohan Q. Sharma,37,M,A2
302,150,Mohan W. Kumar,50,M,A1
303,150,Basavaraj Q. Kumar,44,M,A2
304,150,Ravi G. Sharma,49,M,A3
305,151,Chandana R. Khan,19,F,A1
306,152,Lokesh M. Kumar,34,M,A1
307,152,Vijay W. Singh,37,M,A2
308,153,Arjun Y. Khan,36,M,A1
309,153,Imran F. Kumar,52,M,A2
310,153,Manjunath B. Reddy,55,M,A3
311,154,Syed O. Patil,29,M,A1
312,155,Sunitha Y. Hegde,41,F,A1
313,155,Venkatesh C. Kumar,21,F,A2
314,156,Arun S. Kumar,53,M,A1
315,156,Arun R. Naik,46,M,A2
316,156,Vijay J. Kumar,28,M,A3
317,157,Rajesh Z. Gowda,27,M,A1
318,157,Arjun Q. Kumar,36,M,A2
319,157,Mahesh Z. Hegde,53,M,A3
320,158,Nagaraj J. Kumar,53,M,A1
321,158,Venkatesh T. Sharma,29,M,A2
322,158,Arjun P. Reddy,34,M,A3
323,159,Nagaraj H. Patil,43,M,A1
324,160,Ganesh T. Singh,36,M,A1
325,160,Mohan K. Rao,54,M,A2
326,161,Ganesh I. Kumar,25,M,A1
327,162,Syed M. Reddy,30,M,A1
328,162,Basavaraj W. Rao,52,M,A2
329,163,Savitha L. Sharma,27,F,A1
330,163,Mahesh O. Kumar,45,M,A2
331,163,Vijay R. Gowda,35,M,A3
332,164,Farhan S. Patil,50,M,A1
333,165,Rajesh B. Sharma,20,M,A1
334,165,Lokesh Q. Hegde,31,M,A2
335,166,Rajesh T. Shetty,45,M,A1
336,166,Venkatesh U. Naik,30,M,A2
337,167,Farhan B. Nayak,34,M,A1
338,168,Nagaraj X. Shetty,22,M,A1
339,168,Arun M. Gowda,46,M,A2
340,169,Vijay Y. Khan,43,M,A1
341,170,Rajesh T. Shetty,45,M,A1
342,170,Mohan H. Reddy,45,M,A2
343,171,Syed H. Patil,20,M,A1
344,171,Imran O. Hegde,54,M,A2
345,171,Lakshmi X. Rao,43,M,A3
346,172,Arun F. Patil,50,M,A1
347,173,Pushpa C. Kumar,53,F,A1
348,173,Ganesh C. Nair,21,M,A2
349,174,Sunitha Q. Hegde,55,F,A1
350,174,Arun R. Naik,53,M,A2
351,175,Venkatesh P. Kumar,44,M,A1
352,175,Venkatesh D. Kumar,28,M,A2
353,176,Kiran X. Gowda,32,M,A1
354,177,Venkatesh I. Patil,28,M,A1
355,177,Prakash D. Gowda,36,M,A2
356,178,Mahesh P. Khan,29,M,A1
357,178,Suresh Y. Shetty,40,M,A2
358,178,Vijay G. Kumar,23,M,A3
359,179,Suresh K. Gowda,40,M,A1
360,180,Basavaraj F. Nayak,54,M,A1
361,180,Vijay G. Singh,44,M,A2
362,180,Ravi N. Naik,25,M,A3
363,181,Arun N. Reddy,49,M,A1
364,182,Mahesh Z. Nayak,32,M,A1
365,183,Vijay P. Rao,45,M,A1
366,184,Mohan X. Singh,52,M,A1
367,184,Kiran E. Rao,53,M,A2
368,184,Pushpa Z. Sharma,47,F,A3
369,185,Prakash F. Nayak,29,M,A1
370,185,Ravi W. Hegde,45,M,A2
371,186,Kiran P. Reddy,27,M,A1
372,186,Mahesh H. Hegde,41,M,A2
373,186,Venkatesh P. Kumar,22,F,A3
374,187,Arjun F. Sharma,55,M,A1
375,188,Imran H. Singh,38,M,A1
376,188,Deepa F. Singh,23,M,A2
377,189,Vijay M. Kumar,53,M,A1
378,189,Farhan A. Hegde,19,M,A2
379,190,Meena W. Reddy,20,F,A1
380,190,Venkatesh U. Khan,31,M,A2
381,190,Basavaraj O. Nair,52,M,A3
382,191,Manjunath R. Naik,29,M,A1
383,192,Mahesh J. Sharma,52,M,A1
384,193,Prakash M. Khan,41,M,A1
385,193,Rajesh K. Sharma,27,M,A2
386,193,Farhan U. Kumar,20,M,A3
387,194,Farhan B. Nayak,52,F,A1
388,195,Nagaraj K. Khan,49,M,A1
389,196,Nagaraj L. Rao,37,M,A1
390,196,Suma F. Kumar,27,F,A2
391,196,Prakash X. Reddy,38,M,A3
392,197,Manjunath R. Kumar,33,M,A1
393,197,Usha W. Reddy,20,F,A2
394,198,Kiran D. Patil,41,M,A1
395,199,Ravi O. Gowda,19,M,A1
396,199,Lokesh P. Reddy,30,M,A2
397,200,Santhosh E. Nair,41,M,A1
398,200,Arjun E. Khan,45,M,A2
399,200,Rajesh M. Rao,49,M,A3
400,201,Santhosh F. Hegde,24,M,A1
401,201,Mahesh E. Khan,50,M,A2
402,202,Suresh K. Gowda,49,M,A1
403,202,Meena O. Shetty,43,F,A2
404,202,Nagaraj V. Singh,45,M,A3
405,203,Ravi C. Kumar,22,M,A1
406,203,Nagaraj R. Patil,19,M,A2
407,203,Santhosh Y. Nayak,45,M,A3
408,204,Kiran E. Shetty,37,M,A1
409,205,Lokesh M. Naik,18,M,A1
410,206,Venkatesh U. Rao,46,M,A1
411,206,Savitha L. Gowda,54,F,A2
412,207,Vijay J. Kumar,30,M,A1
413,207,Farhan S. Naik,34,M,A2
414,208,Rajesh D. Reddy,33,M,A1
415,209,Arjun V. Nayak,50,M,A1
416,209,Lokesh V. Nayak,27,M,A2
417,210,Arjun Q. Gowda,42,M,A1
418,211,Manjunath U. Rao,24,M,A1
419,211,Syed D. Khan,30,M,A2
420,212,Syed D. Hegde,29,M,A1
421,213,Santhosh B. Singh,38,M,A1
422,213,Imran R. Hegde,54,M,A2
423,213,Venkatesh U. Shetty,55,M,A3
424,214,Arun X. Singh,43,M,A1
425,214,Farhan S. Nayak,39,M,A2
426,215,Farhan U. Rao,26,M,A1
427,216,Mohan Q. Singh,22,M,A1
428,216,Suresh Y. Patil,40,M,A2
429,216,Priya Z. Rao,37,F,A3
430,217,Ravi S. Singh,37,M,A1
431,217,Prakash H. Khan,43,M,A2
432,218,Ganesh X. Naik,40,M,A1
433,218,Mohan H. Patil,31,M,A2
434,219,Ravi T. Singh,46,M,A1
435,220,Suresh D. Singh,24,M,A1
436,220,Manjunath E. Gowda,24,M,A2
437,221,Imran R. Reddy,35,M,A1
438,222,Manjunath D. Nair,31,M,A1
439,222,Santhosh S. Kumar,20,M,A2
440,223,Ganesh L. Sharma,45,M,A1
441,223,Mahesh K. Gowda,20,M,A2
442,224,Manjunath B. Khan,54,M,A1
443,224,Syed L. Kumar,34,M,A2
444,225,Manjunath B. Naik,30,M,A1
445,225,Vijay B. Kumar,39,M,A2
446,225,Mahesh X. Rao,55,M,A3
447,226,Lokesh S. Naik,48,M,A1
448,227,Lokesh M. Nayak,44,M,A1
449,228,Syed P. Nayak,24,M,A1
450,229,Prakash M. Khan,32,M,A1
451,230,Prakash B. Gowda,23,M,A1
452,230,Sunitha U. Reddy,27,F,A2
453,230,Mohan W. Singh,22,M,A3
454,231,Mohan K. Sharma,49,M,A1
455,231,Meena X. Singh,18,M,A2
456,231,Suresh R. Nair,32,M,A3
457,232,Mahesh R. Kumar,33,M,A1
458,233,Arjun V. Nayak,52,M,A1
459,233,Arun C. Reddy,36,M,A2
460,233,Arjun F. Reddy,51,M,A3
461,234,Venkatesh I. Reddy,50,M,A1
462,235,Sunitha Z. Nair,24,M,A1
463,235,Syed C. Patil,41,M,A2
464,236,Mohan Q. Sharma,34,M,A1
465,236,Ravi Z. Singh,46,M,A2
466,237,Rajesh A. Gowda,52,M,A1
467,237,Venkatesh E. Hegde,21,M,A2
468,238,Lokesh O. Nair,23,M,A1
469,239,Lokesh U. Rao,34,M,A1
470,240,Manjunath B. Khan,52,M,A1
471,240,Arun X. Gowda,20,M,A2
472,241,Venkatesh D. Kumar,48,M,A1
473,241,Manjunath S. Patil,32,M,A2
474,242,Arun U. Nayak,25,M,A1
475,242,Arjun N. Naik,24,M,A2
476,243,Mahesh Q. Khan,37,M,A1
477,243,Syed N. Shetty,30,M,A2
478,243,Usha D. Kumar,47,F,A3
479,244,Nagaraj Q. Rao,29,M,A1
480,244,Arun C. Rao,40,M,A2
481,245,Ravi P. Naik,40,M,A1
482,246,Mohan D. Nair,49,M,A1
483,247,Rajesh C. Kumar,40,M,A1
484,247,Arjun S. Gowda,28,M,A2
485,248,Farhan E. Khan,53,M,A1
486,248,Mohan U. Nair,43,M,A2
487,249,Basavaraj H. Shetty,42,M,A1
488,250,Basavaraj Y. Kumar,41,M,A1
489,250,Suresh E. Patil,48,M,A2
490,251,Kiran W. Kumar,37,M,A1
491,252,Ravi Y. Kumar,19,M,A1
492,252,Mohan R. Naik,21,M,A2
493,252,Kiran U. Khan,24,M,A3
494,253,Arun G. Khan,52,M,A1
495,253,Rajesh I. Rao,50,M,A2
496,253,Ganesh Y. Kumar,35,M,A3
497,254,Vijay R. Singh,51,M,A1
498,254,Rajesh O. Sharma,43,M,A2
499,255,Imran P. Rao,25,M,A1
500,255,Mahesh A. Singh,34,M,A2
501,256,Imran B. Reddy,21,M,A1
502,256,Savitha F. Rao,25,F,A2
503,256,Arjun K. Shetty,33,M,A3
504,257,Rajesh R. Khan,34,M,A1
505,257,Vijay S. Nayak,20,M,A2
506,257,Basavaraj K. Kumar,19,M,A3
507,258,Manjunath U. Reddy,32,M,A1
508,258,Arun A. Nair,52,M,A2
509,259,Venkatesh U. Rao,28,M,A1
510,259,Prakash T. Sharma,54,M,A2
511,259,Farhan U. Gowda,50,M,A3
512,260,Rajesh Y. Reddy,49,M,A1
513,261,Rajesh M. Singh,28,M,A1
514,261,Farhan Q. Sharma,44,M,A2
515,262,Vijay M. Kumar,47,M,A1
516,262,Vijay W. Naik,54,M,A2
517,263,Ravi N. Hegde,41,M,A1
518,263,Basavaraj Q. Sharma,33,M,A2
519,264,Farhan T. Reddy,41,M,A1
520,264,Prakash Z. Naik,48,M,A2
521,265,Rekha M. Nayak,55,F,A1
522,265,Prakash M. Kumar,46,M,A2
523,266,Imran A. Naik,45,M,A1
524,267,Lakshmi X. Naik,37,F,A1
525,267,Arjun P. Patil,20,M,A2
526,267,Arun E. Shetty,41,M,A3
527,268,Imran F. Naik,31,M,A1
528,268,Syed J. Singh,18,M,A2
529,269,Suresh I. Reddy,40,M,A1
530,270,Rashmi V. Hegde,20,F,A1
531,270,Syed N. Shetty,30,M,A2
532,271,Venkatesh J. Rao,32,M,A1
533,272,Lokesh V. Nayak,54,M,A1
534,272,Mohan R. Gowda,41,M,A2
535,273,Syed B. Kumar,55,M,A1
536,273,Suresh T. Sharma,29,M,A2
537,274,Syed Z. Naik,49,M,A1
538,275,Arjun L. Kumar,47,M,A1
539,276,Basavaraj I. Patil,31,M,A1
540,277,Meena F. Singh,45,M,A1
541,278,Imran R. Singh,23,M,A1
542,278,Basavaraj K. Rao,29,M,A2
543,278,Arun M. Shetty,45,M,A3
544,279,Basavaraj C. Reddy,41,M,A1
545,280,Rashmi N. Kumar,26,F,A1
546,281,Farhan F. Reddy,40,M,A1
547,281,Mahesh A. Kumar,32,M,A2
548,282,Rajesh C. Kumar,41,M,A1
549,282,Kiran S. Nair,47,M,A2
550,283,Mohan A. Gowda,26,M,A1
551,283,Mahesh D. Khan,43,M,A2
552,283,Farhan R. Patil,26,M,A3
553,284,Ganesh B. Sharma,33,M,A1
554,284,Arjun Q. Gowda,28,M,A2
555,285,Suresh Q. Hegde,34,M,A1
556,285,Arun M. Singh,30,M,A2
557,285,Savitha P. Patil,25,F,A3
558,286,Basavaraj K. Patil,37,M,A1
559,286,Nagaraj I. Hegde,27,M,A2
560,286,Prakash N. Nair,20,M,A3
561,287,Arun F. Patil,49,M,A1
562,287,Kiran K. Singh,46,M,A2
563,288,Vijay L. Singh,52,M,A1
564,289,Ravi N. Hegde,51,M,A1
565,289,Mohan H. Naik,38,M,A2
566,289,Nandini G. Hegde,20,F,A3
567,290,Manjunath A. Naik,38,M,A1
568,291,Kiran N. Singh,52,M,A1
569,292,Imran P. Kumar,50,M,A1
570,293,Venkatesh I. Reddy,55,M,A1
571,293,Santhosh H. Kumar,43,M,A2
572,293,Prakash J. Nayak,51,M,A3
573,294,Vijay E. Hegde,23,M,A1
574,295,Vijay H. Singh,26,M,A1
575,295,Prakash V. Rao,45,M,A2
576,296,Lokesh N. Patil,42,M,A1
577,296,Kiran F. Rao,19,M,A2
578,296,Nagaraj U. Gowda,43,M,A3
579,297,Prakash F. Nayak,30,M,A1
580,297,Ganesh T. Kumar,18,M,A2
581,298,Kiran O. Nayak,36,M,A1
582,299,Basavaraj O. Sharma,46,M,A1
583,300,Prakash M. Sharma,53,M,A1
584,300,Farhan E. Sharma,38,M,A2
585,300,Venkatesh C. Rao,34,M,A3
586,301,Basavaraj D. Kumar,23,M,A1
587,301,Rekha P. Gowda,51,F,A2
588,301,Kiran Q. Gowda,40,M,A3
589,302,Suresh B. Kumar,30,M,A1
590,302,Anitha G. Patil,51,F,A2
591,302,Mahesh X. Singh,35,M,A3
592,303,Kiran T. Hegde,27,M,A1
593,303,Mohan P. Sharma,25,M,A2
594,303,Kiran Y. Nayak,43,M,A3
595,304,Manjunath Y. Singh,42,M,A1
596,305,Venkatesh H. Reddy,40,M,A1
597,305,Mohan A. Patil,38,M,A2
598,305,Basavaraj F. Gowda,30,M,A3
599,306,Nagaraj H. Kumar,35,M,A1
600,306,Nagaraj A. Shetty,47,M,A2
601,306,Ravi H. Naik,31,M,A3
602,307,Santhosh W. Hegde,23,M,A1
603,308,Vijay A. Shetty,35,M,A1
604,309,Suresh K. Patil,43,M,A1
605,310,Lakshmi H. Kumar,36,F,A1
606,311,Farhan A. Gowda,48,M,A1
607,311,Ravi U. Hegde,33,M,A2
608,311,Ganesh W. Naik,35,M,A3
609,312,Rekha P. Gowda,31,M,A1
610,312,Farhan N. Hegde,39,M,A2
611,313,Pushpa B. Naik,18,F,A1
612,313,Kiran D. Patil,55,M,A2
613,314,Sunitha L. Sharma,26,F,A1
614,314,Mahesh Q. Gowda,51,M,A2
615,315,Syed N. Shetty,35,M,A1
616,315,Arun P. Sharma,42,M,A2
617,315,Venkatesh W. Nayak,39,M,A3
618,316,Farhan Z. Khan,28,M,A1
619,316,Mohan I. Sharma,37,M,A2
620,316,Imran Z. Kumar,44,M,A3
621,317,Farhan Z. Rao,21,M,A1
622,317,Imran X. Singh,51,M,A2
623,317,Ravi P. Nair,36,M,A3
624,318,Nagaraj S. Hegde,46,M,A1
625,318,Syed Z. Nair,39,M,A2
626,318,Arun H. Nayak,20,M,A3
627,319,Kiran T. Rao,30,M,A1
628,319,Manjunath S. Nair,23,M,A2
629,320,Farhan Q. Hegde,34,M,A1
630,320,Mohan W. Reddy,48,M,A2
631,320,Syed D. Nayak,34,M,A3
632,321,Lokesh O. Nayak,27,M,A1
633,322,Ganesh E. Rao,29,M,A1
634,322,Sunitha S. Kumar,41,F,A2
635,322,Venkatesh O. Khan,18,M,A3
636,323,Farhan U. Sharma,48,M,A1
637,324,Basavaraj F. Patil,47,M,A1
638,324,Mohan R. Singh,50,M,A2
639,324,Nandini Y. Hegde,43,F,A3
640,325,Venkatesh U. Reddy,36,M,A1
641,325,Farhan Q. Reddy,50,M,A2
642,325,Arun L. Khan,36,M,A3
643,326,Mahesh V. Singh,42,M,A1
644,327,Santhosh E. Sharma,28,M,A1
645,327,Ravi H. Singh,44,M,A2
646,327,Basavaraj K. Gowda,44,M,A3
647,328,Santhosh L. Hegde,43,M,A1
648,328,Arjun A. Shetty,24,M,A2
649,328,Rajesh J. Nair,25,M,A3
650,329,Ganesh X. Shetty,54,M,A1
651,329,Nagaraj M. Sharma,49,M,A2
652,330,Ravi O. Khan,32,M,A1
653,330,Basavaraj X. Nair,43,M,A2
654,330,Mohan D. Singh,40,M,A3
655,331,Basavaraj Q. Shetty,38,M,A1
656,331,Mahesh X. Sharma,26,M,A2
657,332,Manjunath D. Naik,27,M,A1
658,332,Suresh A. Nair,45,M,A2
659,332,Mahesh H. Kumar,28,M,A3
660,333,Nagaraj S. Singh,54,M,A1
661,333,Syed D. Hegde,46,M,A2
662,334,Arjun R. Gowda,20,M,A1
663,335,Rashmi I. Kumar,20,F,A1
664,335,Suresh J. Hegde,24,M,A2
665,336,Vijay N. Nair,44,M,A1
666,337,Manjunath Q. Nayak,35,M,A1
667,337,Arun I. Khan,49,M,A2
668,337,Venkatesh M. Kumar,27,M,A3
669,338,Ravi S. Kumar,19,M,A1
670,338,Lokesh B. Nair,28,M,A2
671,339,Venkatesh X. Gowda,20,M,A1
672,339,Basavaraj C. Patil,25,M,A2
673,339,Rajesh V. Kumar,49,M,A3
674,340,Venkatesh Q. Patil,54,M,A1
675,341,Basavaraj C. Sharma,43,M,A1
676,342,Mohan Z. Sharma,19,M,A1
677,342,Santhosh P. Shetty,22,M,A2
678,343,Mohan B. Kumar,46,M,A1
679,343,Kiran X. Gowda,50,M,A2
680,344,Venkatesh X. Sharma,20,M,A1
681,344,Kiran V. Patil,42,M,A2
682,344,Basavaraj L. Sharma,26,M,A3
683,345,Suresh K. Gowda,38,M,A1
684,346,Kiran Q. Gowda,43,M,A1
685,346,Syed L. Nayak,48,M,A2
686,347,Nagaraj B. Shetty,38,M,A1
687,347,Prakash I. Kumar,47,M,A2
688,348,Mohan Q. Nair,36,M,A1
689,348,Suresh K. Kumar,26,M,A2
690,348,Suresh W. Hegde,29,M,A3
691,349,Syed D. Reddy,31,M,A1
692,349,Mahesh U. Patil,54,M,A2
693,350,Arun X. Gowda,41,M,A1
694,351,Venkatesh K. Singh,34,M,A1
695,351,Mahesh S. Reddy,26,M,A2
696,351,Arun S. Nayak,47,M,A3
697,352,Mahesh F. Shetty,48,M,A1
698,353,Priya Y. Nair,36,F,A1
699,353,Pushpa D. Naik,24,F,A2
700,354,Vijay V. Reddy,34,M,A1
701,355,Lakshmi X. Rao,29,M,A1
702,355,Suma H. Nair,21,F,A2
703,355,Nagaraj S. Shetty,44,M,A3
704,356,Arjun I. Khan,28,M,A1
705,356,Syed J. Singh,41,M,A2
706,356,Kiran Q. Khan,29,M,A3
707,357,Mahesh V. Singh,53,M,A1
708,357,Kiran G. Patil,49,M,A2
709,357,Farhan F. Reddy,43,M,A3
710,358,Arjun H. Singh,40,M,A1
711,358,Ravi F. Sharma,48,M,A2
712,358,Arjun V. Hegde,52,M,A3
713,359,Pushpa E. Sharma,19,F,A1
714,359,Basavaraj A. Hegde,46,M,A2
715,359,Mahesh Y. Singh,33,M,A3
716,360,Sunitha I. Reddy,22,F,A1
717,360,Nagaraj G. Kumar,25,M,A2
718,361,Prakash E. Singh,22,M,A1
719,361,Manjunath Y. Shetty,43,M,A2
720,362,Ravi M. Gowda,39,M,A1
721,362,Arjun G. Reddy,30,M,A2
722,363,Imran P. Nayak,23,M,A1
723,363,Suresh O. Kumar,51,M,A2
724,363,Lokesh F. Naik,19,M,A3
725,364,Arjun P. Naik,51,M,A1
726,364,Kiran W. Singh,36,M,A2
727,364,Syed B. Sharma,19,M,A3
728,365,Ganesh P. Reddy,19,M,A1
729,365,Manjunath L. Nayak,41,M,A2
730,365,Nagaraj L. Nair,26,M,A3
731,366,Nandini V. Nayak,51,F,A1
732,366,Syed I. Reddy,39,M,A2
733,367,Suresh K. Sharma,22,M,A1
734,367,Farhan M. Nayak,45,M,A2
735,368,Manjunath V. Gowda,24,M,A1
736,368,Pushpa P. Naik,29,F,A2
737,368,Venkatesh M. Gowda,45,M,A3
738,369,Suresh B. Reddy,39,M,A1
739,369,Nagaraj X. Naik,43,M,A2
740,369,Imran B. Kumar,47,M,A3
741,370,Venkatesh I. Singh,46,M,A1
742,370,Arun L. Rao,32,M,A2
743,371,Syed C. Gowda,49,M,A1
744,372,Rashmi F. Sharma,50,F,A1
745,372,Prakash O. Singh,39,M,A2
746,372,Kiran K. Hegde,47,M,A3
747,373,Syed L. Reddy,21,M,A1
748,373,Syed T. Kumar,38,M,A2
749,373,Arjun R. Patil,19,M,A3
750,374,Vijay E. Kumar,41,M,A1
751,375,Nagaraj D. Naik,51,M,A1
752,375,Santhosh H. Gowda,53,M,A2
753,375,Arun R. Rao,47,M,A3
754,376,Vijay D. Kumar,40,M,A1
755,377,Manjunath Q. Sharma,33,M,A1
756,378,Mahesh A. Gowda,44,M,A1
757,379,Rajesh R. Rao,29,M,A1
758,380,Arjun R. Kumar,18,M,A1
759,381,Usha G. Rao,18,F,A1
760,382,Syed A. Shetty,32,M,A1
761,382,Basavaraj D. Rao,40,M,A2
762,383,Ganesh L. Gowda,43,M,A1
763,383,Rajesh T. Khan,25,M,A2
764,383,Prakash K. Kumar,44,M,A3
765,384,Farhan H. Gowda,41,M,A1
766,384,Syed P. Shetty,45,M,A2
767,385,Ganesh Y. Shetty,32,M,A1
768,385,Basavaraj I. Sharma,54,M,A2
769,385,Basavaraj R. Reddy,33,M,A3
770,386,Venkatesh S. Sharma,35,M,A1
771,387,Nandini J. Kumar,32,F,A1
772,388,Vijay M. Sharma,32,M,A1
773,388,Basavaraj J. Nair,30,M,A2
774,389,Rajesh P. Rao,51,M,A1
775,390,Syed N. Sharma,47,M,A1
776,391,Ganesh B. Patil,36,M,A1
777,391,Rekha L. Sharma,38,F,A2
778,391,Nagaraj R. Sharma,36,M,A3
779,392,Arjun A. Naik,49,M,A1
780,392,Prakash U. Kumar,37,M,A2
781,392,Suresh R. Shetty,42,M,A3
782,393,Kiran P. Rao,38,M,A1
783,393,Rajesh M. Rao,34,M,A2
784,394,Arjun L. Naik,41,M,A1
785,395,Ravi Z. Patil,27,M,A1
786,395,Vijay O. Nayak,26,M,A2
787,395,Nandini Q. Rao,32,F,A3
788,396,Ravi V. Sharma,52,M,A1
789,396,Prakash X. Naik,29,M,A2
790,396,Kiran O. Kumar,33,M,A3
791,397,Mahesh Q. Kumar,37,M,A1
792,397,Santhosh S. Gowda,40,M,A2
793,397,Farhan G. Kumar,25,M,A3
794,398,Vijay S. Shetty,29,M,A1
795,399,Ganesh Z. Khan,37,M,A1
796,400,Lokesh O. Nayak,28,M,A1
797,400,Manjunath Z. Khan,34,M,A2
798,400,Suresh Y. Gowda,18,M,A3
799,401,Imran I. Sharma,50,M,A1
800,401,Syed Z. Gowda,24,M,A2
801,401,Farhan L. Nayak,40,M,A3
802,402,Prakash W. Sharma,43,M,A1
803,402,Deepa M. Shetty,51,F,A2
804,402,Ravi D. Kumar,18,M,A3
805,403,Vijay S. Rao,40,M,A1
806,403,Farhan J. Gowda,52,M,A2
807,403,Suresh V. Gowda,25,M,A3
808,404,Rashmi L. Khan,46,F,A1
809,404,Vijay M. Kumar,24,M,A2
810,405,Manjunath C. Patil,19,M,A1
811,406,Nagaraj F. Naik,48,M,A1
812,406,Vijay W. Singh,30,M,A2
813,406,Mahesh G. Sharma,39,M,A3
814,407,Vijay H. Singh,31,M,A1
815,407,Farhan V. Kumar,47,M,A2
816,407,Nagaraj A. Sharma,38,M,A3
817,408,Basavaraj O. Singh,47,M,A1
818,408,Usha T. Nair,23,F,A2
819,409,Imran M. Hegde,42,M,A1
820,409,Mahesh T. Kumar,44,M,A2
821,409,Lokesh N. Nayak,18,M,A3
822,410,Rashmi V. Nayak,46,F,A1
823,410,Basavaraj S. Kumar,34,M,A2
824,410,Kiran X. Singh,36,M,A3
825,411,Manjunath G. Kumar,21,M,A1
826,411,Kiran C. Shetty,50,M,A2
827,411,Kiran J. Sharma,31,M,A3
828,412,Santhosh Q. Reddy,39,M,A1
829,412,Syed J. Singh,25,F,A2
830,413,Arun O. Kumar,54,M,A1
831,414,Vijay W. Rao,40,M,A1
832,415,Santhosh R. Gowda,36,M,A1
833,415,Nagaraj X. Naik,41,M,A2
834,415,Santhosh C. Hegde,54,M,A3
835,416,Imran I. Gowda,19,M,A1
836,416,Basavaraj C. Nair,25,M,A2
837,417,Kiran Q. Shetty,34,M,A1
838,417,Ganesh Y. Singh,47,M,A2
839,418,Rajesh Y. Khan,30,M,A1
840,418,Rajesh K. Kumar,43,M,A2
841,418,Ganesh A. Nair,19,M,A3
842,419,Pushpa A. Rao,27,F,A1
843,419,Suresh N. Singh,55,M,A2
844,420,Prakash W. Sharma,52,M,A1
845,421,Arun B. Kumar,49,M,A1
846,421,Arjun J. Khan,42,M,A2
847,422,Ravi F. Shetty,37,M,A1
848,422,Ravi U. Naik,29,M,A2
849,423,Venkatesh X. Reddy,48,M,A1
850,423,Ravi C. Singh,30,M,A2
851,424,Vijay P. Nair,28,M,A1
852,424,Imran D. Singh,51,M,A2
853,424,Arjun D. Rao,29,M,A3
854,425,Ravi T. Patil,20,M,A1
855,425,Ravi S. Reddy,41,M,A2
856,425,Arjun B. Nair,18,M,A3
857,426,Santhosh E. Rao,40,M,A1
858,426,Arun F. Singh,42,M,A2
859,427,Vijay A. Naik,28,M,A1
860,427,Farhan L. Hegde,42,M,A2
861,427,Venkatesh E. Rao,27,M,A3
862,428,Rajesh K. Sharma,41,M,A1
863,429,Venkatesh V. Kumar,21,M,A1
864,429,Venkatesh M. Reddy,39,M,A2
865,430,Syed B. Sharma,40,M,A1
866,430,Santhosh M. Naik,33,M,A2
867,430,Ganesh O. Hegde,41,M,A3
868,431,Farhan B. Khan,52,M,A1
869,431,Santhosh C. Khan,18,M,A2
870,431,Farhan E. Naik,31,M,A3
871,432,Deepa X. Hegde,23,F,A1
872,433,Nandini F. Khan,33,F,A1
873,433,Arjun F. Patil,55,M,A2
874,434,Lokesh I. Rao,26,M,A1
875,435,Kiran O. Nair,49,M,A1
876,435,Sunitha U. Sharma,31,F,A2
877,436,Kiran I. Rao,28,M,A1
878,436,Farhan B. Sharma,51,M,A2
879,437,Mohan C. Sharma,33,M,A1
880,437,Mohan S. Kumar,49,M,A2
881,438,Rajesh J. Shetty,27,M,A1
882,438,Ganesh S. Kumar,46,M,A2
883,438,Kiran Q. Reddy,47,M,A3
884,439,Ganesh D. Singh,55,M,A1
885,440,Mahesh Q. Nair,41,M,A1
886,440,Farhan D. Gowda,44,M,A2
887,441,Ganesh F. Nair,19,M,A1
888,442,Arjun Q. Gowda,30,F,A1
889,442,Venkatesh V. Hegde,18,M,A2
890,442,Rajesh O. Kumar,50,M,A3
891,443,Venkatesh S. Nair,20,M,A1
892,443,Mohan U. Sharma,19,M,A2
893,444,Lakshmi H. Kumar,49,M,A1
894,444,Kiran P. Kumar,40,M,A2
895,444,Kiran F. Rao,38,M,A3
896,445,Kiran Q. Khan,51,M,A1
897,446,Vijay M. Gowda,54,M,A1
898,446,Mohan U. Hegde,22,M,A2
899,447,Imran C. Nayak,27,M,A1
900,448,Nagaraj A. Reddy,49,M,A1
901,448,Ravi N. Kumar,33,M,A2
902,448,Farhan T. Reddy,20,M,A3
903,449,Ravi O. Nayak,52,M,A1
904,449,Farhan A. Nayak,25,M,A2
905,450,Manjunath G. Sharma,23,M,A1
906,451,Lokesh J. Khan,52,M,A1
907,451,Venkatesh L. Rao,33,M,A2
908,452,Priya A. Singh,33,F,A1
909,452,Chandana W. Singh,35,F,A2
910,452,Vijay I. Nair,21,M,A3
911,453,Savitha E. Nair,44,F,A1
912,454,Vijay T. Rao,50,M,A1
913,455,Farhan L. Nayak,25,M,A1
914,455,Ravi C. Singh,24,F,A2
915,456,Ravi T. Kumar,51,M,A1
916,456,Kiran F. Patil,23,M,A2
917,456,Kiran J. Kumar,42,M,A3
918,457,Manjunath C. Gowda,49,M,A1
919,457,Syed I. Kumar,20,M,A2
920,458,Prakash E. Kumar,55,M,A1
921,459,Santhosh M. Khan,45,M,A1
922,459,Ganesh O. Nayak,43,M,A2
923,459,Mohan C. Hegde,55,M,A3
924,460,Meena M. Reddy,30,F,A1
925,460,Vijay R. Sharma,22,M,A2
926,460,Prakash G. Reddy,30,M,A3
927,461,Vijay Z. Rao,42,M,A1
928,461,Rajesh G. Rao,22,M,A2
929,462,Arun R. Rao,40,M,A1
930,462,Manjunath Q. Nayak,52,M,A2
931,462,Venkatesh S. Naik,19,M,A3
932,463,Anitha Q. Gowda,40,F,A1
933,463,Nagaraj T. Kumar,55,M,A2
934,464,Ganesh L. Khan,54,M,A1
935,464,Rajesh F. Gowda,29,M,A2
936,464,Santhosh Z. Naik,22,M,A3
937,465,Manjunath Y. Sharma,55,M,A1
938,465,Arjun R. Rao,46,M,A2
939,466,Ravi C. Patil,27,M,A1
940,466,Mahesh G. Kumar,47,M,A2
941,466,Mohan U. Shetty,29,M,A3
942,467,Lokesh W. Kumar,21,M,A1
943,467,Basavaraj C. Nair,27,M,A2
944,467,Venkatesh R. Rao,27,M,A3
945,468,Lokesh D. Kumar,26,M,A1
946,469,Prakash J. Gowda,25,M,A1
947,469,Mohan U. Rao,29,M,A2
948,469,Lokesh X. Sharma,44,M,A3
949,470,Farhan A. Khan,53,M,A1
950,471,Rajesh S. Khan,39,M,A1
951,472,Lokesh O. Singh,52,M,A1
952,473,Ganesh J. Kumar,27,M,A1
953,474,Imran L. Kumar,25,M,A1
954,474,Basavaraj B. Naik,48,M,A2
955,475,Vijay T. Kumar,48,M,A1
956,476,Arjun C. Singh,21,M,A1
957,476,Arun U. Hegde,33,M,A2
958,476,Mohan X. Khan,28,M,A3
959,477,Vijay V. Hegde,52,M,A1
960,477,Manjunath B. Nayak,20,M,A2
961,478,Imran O. Rao,39,M,A1
962,478,Basavaraj F. Nair,38,M,A2
963,479,Arjun R. Naik,39,M,A1
964,479,Chandana B. Nair,46,F,A2
965,479,Farhan E. Kumar,55,M,A3
966,480,Rajesh V. Nayak,43,M,A1
967,480,Rekha I. Khan,25,F,A2
968,481,Venkatesh R. Singh,54,M,A1
969,482,Nagaraj L. Gowda,51,M,A1
970,483,Lokesh D. Patil,23,M,A1
971,483,Manjunath G. Sharma,27,M,A2
972,483,Syed Y. Nayak,19,M,A3
973,484,Lakshmi K. Khan,36,F,A1
974,484,Rajesh A. Sharma,47,M,A2
975,484,Nagaraj T. Naik,47,M,A3
976,485,Arjun S. Gowda,47,F,A1
977,486,Kiran F. Nair,41,M,A1
978,486,Kiran E. Nayak,46,M,A2
979,486,Basavaraj F. Gowda,18,M,A3
980,487,Imran E. Khan,51,M,A1
981,488,Mohan Y. Shetty,24,M,A1
982,489,Lokesh W. Reddy,53,M,A1
983,490,Venkatesh I. Nayak,52,M,A1
984,491,Imran T. Shetty,38,M,A1
985,491,Kiran F. Shetty,38,M,A2
986,491,Rajesh F. Sharma,49,M,A3
987,492,Mohan E. Singh,24,M,A1
988,492,Ravi F. Kumar,29,M,A2
989,492,Mohan U. Rao,41,M,A3
990,493,Arun A. Gowda,52,M,A1
991,493,Kiran N. Patil,27,M,A2
992,494,Mohan E. Nayak,18,M,A1
993,494,Venkatesh W. Shetty,21,M,A2
994,494,Santhosh W. Shetty,18,M,A3
995,495,Arun B. Sharma,46,M,A1
996,495,Basavaraj V. Patil,29,M,A2
997,495,Lokesh P. Shetty,31,M,A3
998,496,Vijay T. Singh,54,M,A1
999,496,Syed Q. Kumar,41,M,A2
1000,497,Vijay D. Nair,49,M,A1
1001,497,Prakash E. Singh,22,M,A2
1002,497,Vijay K. Kumar,51,M,A3
1003,498,Venkatesh R. Naik,35,M,A1
1004,498,Venkatesh Q. Gowda,31,M,A2
1005,498,Mohan K. Nair,40,M,A3
1006,499,Rajesh Z. Khan,19,M,A1
1007,499,Suma D. Nair,35,F,A2
1008,499,Venkatesh O. Nayak,42,M,A3
1009,500,Santhosh N. Nair,26,M,A1
1010,500,Imran T. Rao,46,M,A2
