rel_id,from_id,from_type,to_id,to_type,rel_type,strength,CaseMasterID
R1,2,Accused,3,Accused,CO-ACCUSED,0.96,2
R2,2,Accused,4,Accused,CO-ACCUSED,0.62,2
R3,3,Accused,4,Accused,CO-ACCUSED,0.85,2
R4,6,Accused,7,Accused,CO-ACCUSED,0.7,4
R5,9,Accused,10,Accused,CO-ACCUSED,0.8,6
R6,9,Accused,11,Accused,CO-ACCUSED,0.72,6
R7,10,Accused,11,Accused,CO-ACCUSED,0.79,6
R8,12,Accused,13,Accused,CO-ACCUSED,0.91,7
R9,12,Accused,14,Accused,CO-ACCUSED,0.94,7
R10,13,Accused,14,Accused,CO-ACCUSED,0.62,7
R11,15,Accused,16,Accused,CO-ACCUSED,0.65,8
R12,15,Accused,17,Accused,CO-ACCUSED,0.62,8
R13,16,Accused,17,Accused,CO-ACCUSED,0.73,8
R14,20,Accused,21,Accused,CO-ACCUSED,1,11
R15,20,Accused,22,Accused,CO-ACCUSED,0.77,11
R16,21,Accused,22,Accused,CO-ACCUSED,0.99,11
R17,24,Accused,25,Accused,CO-ACCUSED,0.86,13
R18,24,Accused,26,Accused,CO-ACCUSED,0.74,13
R19,25,Accused,26,Accused,CO-ACCUSED,0.75,13
R20,27,Accused,28,Accused,CO-ACCUSED,0.72,14
R21,29,Accused,30,Accused,CO-ACCUSED,0.76,15
R22,31,Accused,32,Accused,CO-ACCUSED,0.9,16
R23,33,Accused,34,Accused,CO-ACCUSED,0.64,17
R24,33,Accused,35,Accused,CO-ACCUSED,0.82,17
R25,34,Accused,35,Accused,CO-ACCUSED,0.98,17
R26,36,Accused,37,Accused,CO-ACCUSED,0.9,18
R27,36,Accused,38,Accused,CO-ACCUSED,0.9,18
R28,37,Accused,38,Accused,CO-ACCUSED,0.73,18
R29,39,Accused,40,Accused,CO-ACCUSED,0.84,19
R30,42,Accused,43,Accused,CO-ACCUSED,0.75,21
R31,44,Accused,45,Accused,CO-ACCUSED,0.86,22
R32,46,Accused,47,Accused,CO-ACCUSED,0.61,23
R33,46,Accused,48,Accused,CO-ACCUSED,0.76,23
R34,47,Accused,48,Accused,CO-ACCUSED,0.8,23
R35,50,Accused,51,Accused,CO-ACCUSED,0.98,25
R36,50,Accused,52,Accused,CO-ACCUSED,0.66,25
R37,51,Accused,52,Accused,CO-ACCUSED,0.64,25
R38,53,Accused,54,Accused,CO-ACCUSED,0.65,26
R39,55,Accused,56,Accused,CO-ACCUSED,0.9,27
R40,59,Accused,60,Accused,CO-ACCUSED,0.91,30
R41,61,Accused,62,Accused,CO-ACCUSED,0.68,31
R42,63,Accused,64,Accused,CO-ACCUSED,0.77,32
R43,63,Accused,65,Accused,CO-ACCUSED,0.64,32
R44,64,Accused,65,Accused,CO-ACCUSED,0.85,32
R45,68,Accused,69,Accused,CO-ACCUSED,0.88,35
R46,72,Accused,73,Accused,CO-ACCUSED,0.83,38
R47,74,Accused,75,Accused,CO-ACCUSED,0.96,39
R48,74,Accused,76,Accused,CO-ACCUSED,0.84,39
R49,75,Accused,76,Accused,CO-ACCUSED,0.61,39
R50,78,Accused,79,Accused,CO-ACCUSED,0.75,41
R51,80,Accused,81,Accused,CO-ACCUSED,0.8,42
R52,82,Accused,83,Accused,CO-ACCUSED,0.88,43
R53,82,Accused,84,Accused,CO-ACCUSED,0.65,43
R54,83,Accused,84,Accused,CO-ACCUSED,0.7,43
R55,85,Accused,86,Accused,CO-ACCUSED,0.91,44
R56,88,Accused,89,Accused,CO-ACCUSED,0.75,46
R57,88,Accused,90,Accused,CO-ACCUSED,0.92,46
R58,89,Accused,90,Accused,CO-ACCUSED,0.99,46
R59,91,Accused,92,Accused,CO-ACCUSED,0.77,47
R60,91,Accused,93,Accused,CO-ACCUSED,0.62,47
R61,92,Accused,93,Accused,CO-ACCUSED,0.86,47
R62,94,Accused,95,Accused,CO-ACCUSED,0.85,48
R63,97,Accused,98,Accused,CO-ACCUSED,0.88,50
R64,99,Accused,100,Accused,CO-ACCUSED,0.91,51
R65,104,Accused,105,Accused,CO-ACCUSED,0.61,55
R66,104,Accused,106,Accused,CO-ACCUSED,0.67,55
R67,105,Accused,106,Accused,CO-ACCUSED,0.67,55
R68,107,Accused,108,Accused,CO-ACCUSED,0.83,56
R69,109,Accused,110,Accused,CO-ACCUSED,0.78,57
R70,109,Accused,111,Accused,CO-ACCUSED,0.91,57
R71,110,Accused,111,Accused,CO-ACCUSED,0.99,57
R72,112,Accused,113,Accused,CO-ACCUSED,0.71,58
R73,115,Accused,116,Accused,CO-ACCUSED,0.85,60
R74,115,Accused,117,Accused,CO-ACCUSED,0.98,60
R75,116,Accused,117,Accused,CO-ACCUSED,0.63,60
R76,120,Accused,121,Accused,CO-ACCUSED,0.82,63
R77,122,Accused,123,Accused,CO-ACCUSED,0.6,64
R78,124,Accused,125,Accused,CO-ACCUSED,0.98,65
R79,124,Accused,126,Accused,CO-ACCUSED,0.87,65
R80,125,Accused,126,Accused,CO-ACCUSED,0.86,65
R81,128,Accused,129,Accused,CO-ACCUSED,0.98,67
R82,128,Accused,130,Accused,CO-ACCUSED,0.7,67
R83,129,Accused,130,Accused,CO-ACCUSED,0.86,67
R84,131,Accused,132,Accused,CO-ACCUSED,0.8,68
R85,131,Accused,133,Accused,CO-ACCUSED,0.96,68
R86,132,Accused,133,Accused,CO-ACCUSED,0.91,68
R87,134,Accused,135,Accused,CO-ACCUSED,0.8,69
R88,134,Accused,136,Accused,CO-ACCUSED,0.78,69
R89,135,Accused,136,Accused,CO-ACCUSED,0.67,69
R90,137,Accused,138,Accused,CO-ACCUSED,0.94,70
R91,139,Accused,140,Accused,CO-ACCUSED,0.97,71
R92,142,Accused,143,Accused,CO-ACCUSED,0.69,73
R93,146,Accused,147,Accused,CO-ACCUSED,0.94,76
R94,149,Accused,150,Accused,CO-ACCUSED,0.64,78
R95,151,Accused,152,Accused,CO-ACCUSED,0.71,79
R96,151,Accused,153,Accused,CO-ACCUSED,0.84,79
R97,152,Accused,153,Accused,CO-ACCUSED,0.7,79
R98,154,Accused,155,Accused,CO-ACCUSED,0.91,80
R99,157,Accused,158,Accused,CO-ACCUSED,0.86,82
R100,157,Accused,159,Accused,CO-ACCUSED,0.77,82
R101,158,Accused,159,Accused,CO-ACCUSED,0.64,82
R102,161,Accused,162,Accused,CO-ACCUSED,0.8,84
R103,164,Accused,165,Accused,CO-ACCUSED,0.8,86
R104,164,Accused,166,Accused,CO-ACCUSED,0.81,86
R105,165,Accused,166,Accused,CO-ACCUSED,0.81,86
R106,168,Accused,169,Accused,CO-ACCUSED,0.77,88
R107,170,Accused,171,Accused,CO-ACCUSED,0.94,89
R108,170,Accused,172,Accused,CO-ACCUSED,0.97,89
R109,171,Accused,172,Accused,CO-ACCUSED,0.63,89
R110,173,Accused,174,Accused,CO-ACCUSED,0.74,90
R111,175,Accused,176,Accused,CO-ACCUSED,0.75,91
R112,175,Accused,177,Accused,CO-ACCUSED,0.77,91
R113,176,Accused,177,Accused,CO-ACCUSED,0.73,91
R114,178,Accused,179,Accused,CO-ACCUSED,0.97,92
R115,178,Accused,180,Accused,CO-ACCUSED,0.77,92
R116,179,Accused,180,Accused,CO-ACCUSED,0.79,92
R117,181,Accused,182,Accused,CO-ACCUSED,0.94,93
R118,181,Accused,183,Accused,CO-ACCUSED,0.9,93
R119,182,Accused,183,Accused,CO-ACCUSED,0.96,93
R120,184,Accused,185,Accused,CO-ACCUSED,0.74,94
R121,186,Accused,187,Accused,CO-ACCUSED,0.85,95
R122,188,Accused,189,Accused,CO-ACCUSED,0.85,96
R123,190,Accused,191,Accused,CO-ACCUSED,0.95,97
R124,194,Accused,195,Accused,CO-ACCUSED,0.74,100
R125,194,Accused,196,Accused,CO-ACCUSED,0.78,100
R126,195,Accused,196,Accused,CO-ACCUSED,0.75,100
R127,198,Accused,199,Accused,CO-ACCUSED,0.99,102
R128,200,Accused,201,Accused,CO-ACCUSED,0.86,103
R129,200,Accused,202,Accused,CO-ACCUSED,0.67,103
R130,201,Accused,202,Accused,CO-ACCUSED,0.62,103
R131,203,Accused,204,Accused,CO-ACCUSED,0.71,104
R132,205,Accused,206,Accused,CO-ACCUSED,0.98,105
R133,209,Accused,210,Accused,CO-ACCUSED,0.88,108
R134,209,Accused,211,Accused,CO-ACCUSED,0.87,108
R135,210,Accused,211,Accused,CO-ACCUSED,0.66,108
R136,213,Accused,214,Accused,CO-ACCUSED,0.75,110
R137,213,Accused,215,Accused,CO-ACCUSED,0.64,110
R138,214,Accused,215,Accused,CO-ACCUSED,0.67,110
R139,216,Accused,217,Accused,CO-ACCUSED,0.92,111
R140,216,Accused,218,Accused,CO-ACCUSED,0.78,111
R141,217,Accused,218,Accused,CO-ACCUSED,0.96,111
R142,219,Accused,220,Accused,CO-ACCUSED,0.85,112
R143,219,Accused,221,Accused,CO-ACCUSED,0.87,112
R144,220,Accused,221,Accused,CO-ACCUSED,0.63,112
R145,222,Accused,223,Accused,CO-ACCUSED,0.94,113
R146,222,Accused,224,Accused,CO-ACCUSED,0.84,113
R147,223,Accused,224,Accused,CO-ACCUSED,0.75,113
R148,225,Accused,226,Accused,CO-ACCUSED,0.62,114
R149,228,Accused,229,Accused,CO-ACCUSED,0.82,116
R150,230,Accused,231,Accused,CO-ACCUSED,0.8,117
R151,230,Accused,232,Accused,CO-ACCUSED,1,117
R152,231,Accused,232,Accused,CO-ACCUSED,0.72,117
R153,233,Accused,234,Accused,CO-ACCUSED,0.62,118
R154,236,Accused,237,Accused,CO-ACCUSED,0.88,120
R155,236,Accused,238,Accused,CO-ACCUSED,0.97,120
R156,237,Accused,238,Accused,CO-ACCUSED,0.72,120
R157,239,Accused,240,Accused,CO-ACCUSED,0.67,121
R158,239,Accused,241,Accused,CO-ACCUSED,0.63,121
R159,240,Accused,241,Accused,CO-ACCUSED,0.81,121
R160,242,Accused,243,Accused,CO-ACCUSED,0.93,122
R161,242,Accused,244,Accused,CO-ACCUSED,0.83,122
R162,243,Accused,244,Accused,CO-ACCUSED,0.7,122
R163,245,Accused,246,Accused,CO-ACCUSED,0.98,123
R164,248,Accused,249,Accused,CO-ACCUSED,0.96,125
R165,250,Accused,251,Accused,CO-ACCUSED,0.63,126
R166,252,Accused,253,Accused,CO-ACCUSED,0.81,127
R167,254,Accused,255,Accused,CO-ACCUSED,0.97,128
R168,254,Accused,256,Accused,CO-ACCUSED,0.75,128
R169,255,Accused,256,Accused,CO-ACCUSED,0.61,128
R170,257,Accused,258,Accused,CO-ACCUSED,0.8,129
R171,257,Accused,259,Accused,CO-ACCUSED,0.85,129
R172,258,Accused,259,Accused,CO-ACCUSED,0.87,129
R173,260,Accused,261,Accused,CO-ACCUSED,0.66,130
R174,260,Accused,262,Accused,CO-ACCUSED,0.75,130
R175,261,Accused,262,Accused,CO-ACCUSED,0.75,130
R176,263,Accused,264,Accused,CO-ACCUSED,0.69,131
R177,263,Accused,265,Accused,CO-ACCUSED,0.68,131
R178,264,Accused,265,Accused,CO-ACCUSED,0.77,131
R179,268,Accused,269,Accused,CO-ACCUSED,0.99,134
R180,270,Accused,271,Accused,CO-ACCUSED,0.92,135
R181,270,Accused,272,Accused,CO-ACCUSED,0.66,135
R182,271,Accused,272,Accused,CO-ACCUSED,0.61,135
R183,273,Accused,274,Accused,CO-ACCUSED,0.87,136
R184,276,Accused,277,Accused,CO-ACCUSED,0.92,138
R185,276,Accused,278,Accused,CO-ACCUSED,0.84,138
R186,277,Accused,278,Accused,CO-ACCUSED,0.65,138
R187,279,Accused,280,Accused,CO-ACCUSED,0.93,139
R188,279,Accused,281,Accused,CO-ACCUSED,0.65,139
R189,280,Accused,281,Accused,CO-ACCUSED,0.62,139
R190,282,Accused,283,Accused,CO-ACCUSED,0.61,140
R191,282,Accused,284,Accused,CO-ACCUSED,0.62,140
R192,283,Accused,284,Accused,CO-ACCUSED,0.65,140
R193,285,Accused,286,Accused,CO-ACCUSED,0.7,141
R194,289,Accused,290,Accused,CO-ACCUSED,0.82,144
R195,289,Accused,291,Accused,CO-ACCUSED,0.74,144
R196,290,Accused,291,Accused,CO-ACCUSED,0.66,144
R197,294,Accused,295,Accused,CO-ACCUSED,0.88,147
R198,294,Accused,296,Accused,CO-ACCUSED,0.96,147
R199,295,Accused,296,Accused,CO-ACCUSED,0.62,147
R200,297,Accused,298,Accused,CO-ACCUSED,0.94,148
R201,297,Accused,299,Accused,CO-ACCUSED,0.7,148
R202,298,Accused,299,Accused,CO-ACCUSED,0.76,148
R203,300,Accused,301,Accused,CO-ACCUSED,0.88,149
R204,302,Accused,303,Accused,CO-ACCUSED,0.67,150
R205,302,Accused,304,Accused,CO-ACCUSED,0.88,150
R206,303,Accused,304,Accused,CO-ACCUSED,0.62,150
R207,306,Accused,307,Accused,CO-ACCUSED,0.62,152
R208,308,Accused,309,Accused,CO-ACCUSED,0.96,153
R209,308,Accused,310,Accused,CO-ACCUSED,0.86,153
R210,309,Accused,310,Accused,CO-ACCUSED,0.73,153
R211,312,Accused,313,Accused,CO-ACCUSED,0.79,155
R212,314,Accused,315,Accused,CO-ACCUSED,0.7,156
R213,314,Accused,316,Accused,CO-ACCUSED,0.81,156
R214,315,Accused,316,Accused,CO-ACCUSED,0.9,156
R215,317,Accused,318,Accused,CO-ACCUSED,0.92,157
R216,317,Accused,319,Accused,CO-ACCUSED,0.72,157
R217,318,Accused,319,Accused,CO-ACCUSED,0.69,157
R218,320,Accused,321,Accused,CO-ACCUSED,0.82,158
R219,320,Accused,322,Accused,CO-ACCUSED,0.87,158
R220,321,Accused,322,Accused,CO-ACCUSED,0.96,158
R221,324,Accused,325,Accused,CO-ACCUSED,0.93,160
R222,327,Accused,328,Accused,CO-ACCUSED,0.82,162
R223,329,Accused,330,Accused,CO-ACCUSED,0.78,163
R224,329,Accused,331,Accused,CO-ACCUSED,0.99,163
R225,330,Accused,331,Accused,CO-ACCUSED,0.95,163
R226,333,Accused,334,Accused,CO-ACCUSED,0.64,165
R227,335,Accused,336,Accused,CO-ACCUSED,0.86,166
R228,338,Accused,339,Accused,CO-ACCUSED,0.7,168
R229,341,Accused,342,Accused,CO-ACCUSED,0.82,170
R230,343,Accused,344,Accused,CO-ACCUSED,0.74,171
R231,343,Accused,345,Accused,CO-ACCUSED,0.68,171
R232,344,Accused,345,Accused,CO-ACCUSED,0.88,171
R233,347,Accused,348,Accused,CO-ACCUSED,0.62,173
R234,349,Accused,350,Accused,CO-ACCUSED,0.78,174
R235,351,Accused,352,Accused,CO-ACCUSED,0.91,175
R236,354,Accused,355,Accused,CO-ACCUSED,0.66,177
R237,356,Accused,357,Accused,CO-ACCUSED,0.62,178
R238,356,Accused,358,Accused,CO-ACCUSED,0.98,178
R239,357,Accused,358,Accused,CO-ACCUSED,0.69,178
R240,360,Accused,361,Accused,CO-ACCUSED,0.72,180
R241,360,Accused,362,Accused,CO-ACCUSED,0.97,180
R242,361,Accused,362,Accused,CO-ACCUSED,0.68,180
R243,366,Accused,367,Accused,CO-ACCUSED,0.73,184
R244,366,Accused,368,Accused,CO-ACCUSED,0.83,184
R245,367,Accused,368,Accused,CO-ACCUSED,0.71,184
R246,369,Accused,370,Accused,CO-ACCUSED,0.7,185
R247,371,Accused,372,Accused,CO-ACCUSED,0.86,186
R248,371,Accused,373,Accused,CO-ACCUSED,0.87,186
R249,372,Accused,373,Accused,CO-ACCUSED,0.61,186
R250,375,Accused,376,Accused,CO-ACCUSED,0.63,188
R251,377,Accused,378,Accused,CO-ACCUSED,0.97,189
R252,379,Accused,380,Accused,CO-ACCUSED,0.81,190
R253,379,Accused,381,Accused,CO-ACCUSED,0.92,190
R254,380,Accused,381,Accused,CO-ACCUSED,0.66,190
R255,384,Accused,385,Accused,CO-ACCUSED,0.76,193
R256,384,Accused,386,Accused,CO-ACCUSED,0.68,193
R257,385,Accused,386,Accused,CO-ACCUSED,0.91,193
R258,389,Accused,390,Accused,CO-ACCUSED,0.93,196
R259,389,Accused,391,Accused,CO-ACCUSED,0.95,196
R260,390,Accused,391,Accused,CO-ACCUSED,0.92,196
R261,392,Accused,393,Accused,CO-ACCUSED,0.89,197
R262,395,Accused,396,Accused,CO-ACCUSED,0.81,199
R263,397,Accused,398,Accused,CO-ACCUSED,0.8,200
R264,397,Accused,399,Accused,CO-ACCUSED,0.74,200
R265,398,Accused,399,Accused,CO-ACCUSED,0.96,200
R266,400,Accused,401,Accused,CO-ACCUSED,0.82,201
R267,402,Accused,403,Accused,CO-ACCUSED,0.66,202
R268,402,Accused,404,Accused,CO-ACCUSED,0.93,202
R269,403,Accused,404,Accused,CO-ACCUSED,0.65,202
R270,405,Accused,406,Accused,CO-ACCUSED,0.67,203
R271,405,Accused,407,Accused,CO-ACCUSED,0.84,203
R272,406,Accused,407,Accused,CO-ACCUSED,0.71,203
R273,410,Accused,411,Accused,CO-ACCUSED,0.95,206
R274,412,Accused,413,Accused,CO-ACCUSED,0.84,207
R275,415,Accused,416,Accused,CO-ACCUSED,0.86,209
R276,418,Accused,419,Accused,CO-ACCUSED,0.64,211
R277,421,Accused,422,Accused,CO-ACCUSED,0.97,213
R278,421,Accused,423,Accused,CO-ACCUSED,0.85,213
R279,422,Accused,423,Accused,CO-ACCUSED,0.96,213
R280,424,Accused,425,Accused,CO-ACCUSED,0.66,214
R281,427,Accused,428,Accused,CO-ACCUSED,0.61,216
R282,427,Accused,429,Accused,CO-ACCUSED,0.99,216
R283,428,Accused,429,Accused,CO-ACCUSED,0.68,216
R284,430,Accused,431,Accused,CO-ACCUSED,0.86,217
R285,432,Accused,433,Accused,CO-ACCUSED,0.62,218
R286,435,Accused,436,Accused,CO-ACCUSED,0.85,220
R287,438,Accused,439,Accused,CO-ACCUSED,0.65,222
R288,440,Accused,441,Accused,CO-ACCUSED,1,223
R289,442,Accused,443,Accused,CO-ACCUSED,0.84,224
R290,444,Accused,445,Accused,CO-ACCUSED,0.86,225
R291,444,Accused,446,Accused,CO-ACCUSED,0.67,225
R292,445,Accused,446,Accused,CO-ACCUSED,0.78,225
R293,451,Accused,452,Accused,CO-ACCUSED,0.62,230
R294,451,Accused,453,Accused,CO-ACCUSED,0.63,230
R295,452,Accused,453,Accused,CO-ACCUSED,0.8,230
R296,454,Accused,455,Accused,CO-ACCUSED,0.62,231
R297,454,Accused,456,Accused,CO-ACCUSED,0.74,231
R298,455,Accused,456,Accused,CO-ACCUSED,0.9,231
R299,458,Accused,459,Accused,CO-ACCUSED,0.69,233
R300,458,Accused,460,Accused,CO-ACCUSED,0.83,233
R301,459,Accused,460,Accused,CO-ACCUSED,0.69,233
R302,462,Accused,463,Accused,CO-ACCUSED,0.75,235
R303,464,Accused,465,Accused,CO-ACCUSED,0.82,236
R304,466,Accused,467,Accused,CO-ACCUSED,0.9,237
R305,470,Accused,471,Accused,CO-ACCUSED,0.84,240
R306,472,Accused,473,Accused,CO-ACCUSED,0.82,241
R307,474,Accused,475,Accused,CO-ACCUSED,0.94,242
R308,476,Accused,477,Accused,CO-ACCUSED,0.9,243
R309,476,Accused,478,Accused,CO-ACCUSED,0.81,243
R310,477,Accused,478,Accused,CO-ACCUSED,0.85,243
R311,479,Accused,480,Accused,CO-ACCUSED,0.82,244
R312,483,Accused,484,Accused,CO-ACCUSED,0.64,247
R313,485,Accused,486,Accused,CO-ACCUSED,1,248
R314,488,Accused,489,Accused,CO-ACCUSED,0.92,250
R315,491,Accused,492,Accused,CO-ACCUSED,0.76,252
R316,491,Accused,493,Accused,CO-ACCUSED,0.8,252
R317,492,Accused,493,Accused,CO-ACCUSED,0.96,252
R318,494,Accused,495,Accused,CO-ACCUSED,0.66,253
R319,494,Accused,496,Accused,CO-ACCUSED,0.87,253
R320,495,Accused,496,Accused,CO-ACCUSED,0.83,253
R321,497,Accused,498,Accused,CO-ACCUSED,0.72,254
R322,499,Accused,500,Accused,CO-ACCUSED,0.73,255
R323,501,Accused,502,Accused,CO-ACCUSED,0.8,256
R324,501,Accused,503,Accused,CO-ACCUSED,0.64,256
R325,502,Accused,503,Accused,CO-ACCUSED,0.91,256
R326,504,Accused,505,Accused,CO-ACCUSED,0.77,257
R327,504,Accused,506,Accused,CO-ACCUSED,0.83,257
R328,505,Accused,506,Accused,CO-ACCUSED,0.73,257
R329,507,Accused,508,Accused,CO-ACCUSED,0.79,258
R330,509,Accused,510,Accused,CO-ACCUSED,0.91,259
R331,509,Accused,511,Accused,CO-ACCUSED,0.72,259
R332,510,Accused,511,Accused,CO-ACCUSED,0.88,259
R333,513,Accused,514,Accused,CO-ACCUSED,0.71,261
R334,515,Accused,516,Accused,CO-ACCUSED,0.89,262
R335,517,Accused,518,Accused,CO-ACCUSED,0.99,263
R336,519,Accused,520,Accused,CO-ACCUSED,0.62,264
R337,521,Accused,522,Accused,CO-ACCUSED,0.96,265
R338,524,Accused,525,Accused,CO-ACCUSED,0.93,267
R339,524,Accused,526,Accused,CO-ACCUSED,0.84,267
R340,525,Accused,526,Accused,CO-ACCUSED,0.88,267
R341,527,Accused,528,Accused,CO-ACCUSED,0.72,268
R342,530,Accused,531,Accused,CO-ACCUSED,0.71,270
R343,533,Accused,534,Accused,CO-ACCUSED,0.96,272
R344,535,Accused,536,Accused,CO-ACCUSED,0.81,273
R345,541,Accused,542,Accused,CO-ACCUSED,0.61,278
R346,541,Accused,543,Accused,CO-ACCUSED,0.86,278
R347,542,Accused,543,Accused,CO-ACCUSED,0.92,278
R348,546,Accused,547,Accused,CO-ACCUSED,0.73,281
R349,548,Accused,549,Accused,CO-ACCUSED,0.62,282
R350,550,Accused,551,Accused,CO-ACCUSED,0.95,283
R351,550,Accused,552,Accused,CO-ACCUSED,0.73,283
R352,551,Accused,552,Accused,CO-ACCUSED,0.9,283
R353,553,Accused,554,Accused,CO-ACCUSED,1,284
R354,555,Accused,556,Accused,CO-ACCUSED,0.69,285
R355,555,Accused,557,Accused,CO-ACCUSED,0.94,285
R356,556,Accused,557,Accused,CO-ACCUSED,0.88,285
R357,558,Accused,559,Accused,CO-ACCUSED,0.73,286
R358,558,Accused,560,Accused,CO-ACCUSED,0.87,286
R359,559,Accused,560,Accused,CO-ACCUSED,0.82,286
R360,561,Accused,562,Accused,CO-ACCUSED,0.67,287
R361,564,Accused,565,Accused,CO-ACCUSED,0.88,289
R362,564,Accused,566,Accused,CO-ACCUSED,0.74,289
R363,565,Accused,566,Accused,CO-ACCUSED,0.75,289
R364,570,Accused,571,Accused,CO-ACCUSED,0.96,293
R365,570,Accused,572,Accused,CO-ACCUSED,0.75,293
R366,571,Accused,572,Accused,CO-ACCUSED,0.95,293
R367,574,Accused,575,Accused,CO-ACCUSED,0.92,295
R368,576,Accused,577,Accused,CO-ACCUSED,0.95,296
R369,576,Accused,578,Accused,CO-ACCUSED,0.89,296
R370,577,Accused,578,Accused,CO-ACCUSED,0.64,296
R371,579,Accused,580,Accused,CO-ACCUSED,0.78,297
R372,583,Accused,584,Accused,CO-ACCUSED,0.92,300
R373,583,Accused,585,Accused,CO-ACCUSED,0.85,300
R374,584,Accused,585,Accused,CO-ACCUSED,0.86,300
R375,586,Accused,587,Accused,CO-ACCUSED,0.85,301
R376,586,Accused,588,Accused,CO-ACCUSED,0.64,301
R377,587,Accused,588,Accused,CO-ACCUSED,0.88,301
R378,589,Accused,590,Accused,CO-ACCUSED,0.67,302
R379,589,Accused,591,Accused,CO-ACCUSED,0.99,302
R380,590,Accused,591,Accused,CO-ACCUSED,0.96,302
R381,592,Accused,593,Accused,CO-ACCUSED,0.67,303
R382,592,Accused,594,Accused,CO-ACCUSED,0.64,303
R383,593,Accused,594,Accused,CO-ACCUSED,0.81,303
R384,596,Accused,597,Accused,CO-ACCUSED,0.88,305
R385,596,Accused,598,Accused,CO-ACCUSED,0.68,305
R386,597,Accused,598,Accused,CO-ACCUSED,0.91,305
R387,599,Accused,600,Accused,CO-ACCUSED,0.72,306
R388,599,Accused,601,Accused,CO-ACCUSED,0.85,306
R389,600,Accused,601,Accused,CO-ACCUSED,0.71,306
R390,606,Accused,607,Accused,CO-ACCUSED,0.97,311
R391,606,Accused,608,Accused,CO-ACCUSED,0.93,311
R392,607,Accused,608,Accused,CO-ACCUSED,0.63,311
R393,609,Accused,610,Accused,CO-ACCUSED,0.77,312
R394,611,Accused,612,Accused,CO-ACCUSED,0.68,313
R395,613,Accused,614,Accused,CO-ACCUSED,0.88,314
R396,615,Accused,616,Accused,CO-ACCUSED,0.66,315
R397,615,Accused,617,Accused,CO-ACCUSED,0.63,315
R398,616,Accused,617,Accused,CO-ACCUSED,0.68,315
R399,618,Accused,619,Accused,CO-ACCUSED,0.81,316
R400,618,Accused,620,Accused,CO-ACCUSED,0.83,316
R401,619,Accused,620,Accused,CO-ACCUSED,0.66,316
R402,621,Accused,622,Accused,CO-ACCUSED,0.9,317
R403,621,Accused,623,Accused,CO-ACCUSED,0.7,317
R404,622,Accused,623,Accused,CO-ACCUSED,0.9,317
R405,624,Accused,625,Accused,CO-ACCUSED,0.95,318
R406,624,Accused,626,Accused,CO-ACCUSED,0.66,318
R407,625,Accused,626,Accused,CO-ACCUSED,0.86,318
R408,627,Accused,628,Accused,CO-ACCUSED,0.8,319
R409,629,Accused,630,Accused,CO-ACCUSED,0.93,320
R410,629,Accused,631,Accused,CO-ACCUSED,0.72,320
R411,630,Accused,631,Accused,CO-ACCUSED,0.79,320
R412,633,Accused,634,Accused,CO-ACCUSED,0.85,322
R413,633,Accused,635,Accused,CO-ACCUSED,0.89,322
R414,634,Accused,635,Accused,CO-ACCUSED,0.98,322
R415,637,Accused,638,Accused,CO-ACCUSED,1,324
R416,637,Accused,639,Accused,CO-ACCUSED,0.74,324
R417,638,Accused,639,Accused,CO-ACCUSED,0.93,324
R418,640,Accused,641,Accused,CO-ACCUSED,0.63,325
R419,640,Accused,642,Accused,CO-ACCUSED,0.93,325
R420,641,Accused,642,Accused,CO-ACCUSED,0.71,325
R421,644,Accused,645,Accused,CO-ACCUSED,0.68,327
R422,644,Accused,646,Accused,CO-ACCUSED,0.63,327
R423,645,Accused,646,Accused,CO-ACCUSED,0.8,327
R424,647,Accused,648,Accused,CO-ACCUSED,0.92,328
R425,647,Accused,649,Accused,CO-ACCUSED,0.99,328
R426,648,Accused,649,Accused,CO-ACCUSED,0.87,328
R427,650,Accused,651,Accused,CO-ACCUSED,0.83,329
R428,652,Accused,653,Accused,CO-ACCUSED,0.81,330
R429,652,Accused,654,Accused,CO-ACCUSED,0.98,330
R430,653,Accused,654,Accused,CO-ACCUSED,0.66,330
R431,655,Accused,656,Accused,CO-ACCUSED,0.87,331
R432,657,Accused,658,Accused,CO-ACCUSED,0.85,332
R433,657,Accused,659,Accused,CO-ACCUSED,0.61,332
R434,658,Accused,659,Accused,CO-ACCUSED,0.8,332
R435,660,Accused,661,Accused,CO-ACCUSED,0.83,333
R436,663,Accused,664,Accused,CO-ACCUSED,0.72,335
R437,666,Accused,667,Accused,CO-ACCUSED,0.85,337
R438,666,Accused,668,Accused,CO-ACCUSED,0.94,337
R439,667,Accused,668,Accused,CO-ACCUSED,0.76,337
R440,669,Accused,670,Accused,CO-ACCUSED,0.81,338
R441,671,Accused,672,Accused,CO-ACCUSED,0.98,339
R442,671,Accused,673,Accused,CO-ACCUSED,0.78,339
R443,672,Accused,673,Accused,CO-ACCUSED,0.8,339
R444,676,Accused,677,Accused,CO-ACCUSED,0.63,342
R445,678,Accused,679,Accused,CO-ACCUSED,0.81,343
R446,680,Accused,681,Accused,CO-ACCUSED,0.68,344
R447,680,Accused,682,Accused,CO-ACCUSED,0.86,344
R448,681,Accused,682,Accused,CO-ACCUSED,0.79,344
R449,684,Accused,685,Accused,CO-ACCUSED,0.91,346
R450,686,Accused,687,Accused,CO-ACCUSED,0.72,347
R451,688,Accused,689,Accused,CO-ACCUSED,0.66,348
R452,688,Accused,690,Accused,CO-ACCUSED,0.72,348
R453,689,Accused,690,Accused,CO-ACCUSED,0.69,348
R454,691,Accused,692,Accused,CO-ACCUSED,0.85,349
R455,694,Accused,695,Accused,CO-ACCUSED,0.78,351
R456,694,Accused,696,Accused,CO-ACCUSED,0.72,351
R457,695,Accused,696,Accused,CO-ACCUSED,0.8,351
R458,698,Accused,699,Accused,CO-ACCUSED,0.85,353
R459,701,Accused,702,Accused,CO-ACCUSED,0.98,355
R460,701,Accused,703,Accused,CO-ACCUSED,0.9,355
R461,702,Accused,703,Accused,CO-ACCUSED,0.78,355
R462,704,Accused,705,Accused,CO-ACCUSED,0.72,356
R463,704,Accused,706,Accused,CO-ACCUSED,0.67,356
R464,705,Accused,706,Accused,CO-ACCUSED,0.77,356
R465,707,Accused,708,Accused,CO-ACCUSED,0.79,357
R466,707,Accused,709,Accused,CO-ACCUSED,0.75,357
R467,708,Accused,709,Accused,CO-ACCUSED,0.99,357
R468,710,Accused,711,Accused,CO-ACCUSED,0.92,358
R469,710,Accused,712,Accused,CO-ACCUSED,0.66,358
R470,711,Accused,712,Accused,CO-ACCUSED,0.87,358
R471,713,Accused,714,Accused,CO-ACCUSED,0.91,359
R472,713,Accused,715,Accused,CO-ACCUSED,0.65,359
R473,714,Accused,715,Accused,CO-ACCUSED,0.94,359
R474,716,Accused,717,Accused,CO-ACCUSED,0.81,360
R475,718,Accused,719,Accused,CO-ACCUSED,0.9,361
R476,720,Accused,721,Accused,CO-ACCUSED,0.83,362
R477,722,Accused,723,Accused,CO-ACCUSED,0.65,363
R478,722,Accused,724,Accused,CO-ACCUSED,0.98,363
R479,723,Accused,724,Accused,CO-ACCUSED,0.95,363
R480,725,Accused,726,Accused,CO-ACCUSED,0.78,364
R481,725,Accused,727,Accused,CO-ACCUSED,0.71,364
R482,726,Accused,727,Accused,CO-ACCUSED,0.71,364
R483,728,Accused,729,Accused,CO-ACCUSED,0.92,365
R484,728,Accused,730,Accused,CO-ACCUSED,0.71,365
R485,729,Accused,730,Accused,CO-ACCUSED,0.76,365
R486,731,Accused,732,Accused,CO-ACCUSED,0.65,366
R487,733,Accused,734,Accused,CO-ACCUSED,0.91,367
R488,735,Accused,736,Accused,CO-ACCUSED,0.74,368
R489,735,Accused,737,Accused,CO-ACCUSED,0.78,368
R490,736,Accused,737,Accused,CO-ACCUSED,0.69,368
R491,738,Accused,739,Accused,CO-ACCUSED,0.94,369
R492,738,Accused,740,Accused,CO-ACCUSED,0.84,369
R493,739,Accused,740,Accused,CO-ACCUSED,0.83,369
R494,741,Accused,742,Accused,CO-ACCUSED,0.9,370
R495,744,Accused,745,Accused,CO-ACCUSED,0.61,372
R496,744,Accused,746,Accused,CO-ACCUSED,0.73,372
R497,745,Accused,746,Accused,CO-ACCUSED,0.81,372
R498,747,Accused,748,Accused,CO-ACCUSED,0.91,373
R499,747,Accused,749,Accused,CO-ACCUSED,0.91,373
R500,748,Accused,749,Accused,CO-ACCUSED,0.6,373
R501,751,Accused,752,Accused,CO-ACCUSED,0.68,375
R502,751,Accused,753,Accused,CO-ACCUSED,0.73,375
R503,752,Accused,753,Accused,CO-ACCUSED,0.7,375
R504,760,Accused,761,Accused,CO-ACCUSED,0.78,382
R505,762,Accused,763,Accused,CO-ACCUSED,0.71,383
R506,762,Accused,764,Accused,CO-ACCUSED,0.96,383
R507,763,Accused,764,Accused,CO-ACCUSED,0.77,383
R508,765,Accused,766,Accused,CO-ACCUSED,0.74,384
R509,767,Accused,768,Accused,CO-ACCUSED,0.63,385
R510,767,Accused,769,Accused,CO-ACCUSED,0.73,385
R511,768,Accused,769,Accused,CO-ACCUSED,0.98,385
R512,772,Accused,773,Accused,CO-ACCUSED,0.73,388
R513,776,Accused,777,Accused,CO-ACCUSED,0.88,391
R514,776,Accused,778,Accused,CO-ACCUSED,0.82,391
R515,777,Accused,778,Accused,CO-ACCUSED,0.97,391
R516,779,Accused,780,Accused,CO-ACCUSED,0.86,392
R517,779,Accused,781,Accused,CO-ACCUSED,0.76,392
R518,780,Accused,781,Accused,CO-ACCUSED,0.95,392
R519,782,Accused,783,Accused,CO-ACCUSED,0.86,393
R520,785,Accused,786,Accused,CO-ACCUSED,0.84,395
R521,785,Accused,787,Accused,CO-ACCUSED,0.69,395
R522,786,Accused,787,Accused,CO-ACCUSED,0.96,395
R523,788,Accused,789,Accused,CO-ACCUSED,0.91,396
R524,788,Accused,790,Accused,CO-ACCUSED,0.84,396
R525,789,Accused,790,Accused,CO-ACCUSED,1,396
R526,791,Accused,792,Accused,CO-ACCUSED,1,397
R527,791,Accused,793,Accused,CO-ACCUSED,0.74,397
R528,792,Accused,793,Accused,CO-ACCUSED,0.71,397
R529,796,Accused,797,Accused,CO-ACCUSED,0.64,400
R530,796,Accused,798,Accused,CO-ACCUSED,0.75,400
R531,797,Accused,798,Accused,CO-ACCUSED,0.72,400
R532,799,Accused,800,Accused,CO-ACCUSED,0.68,401
R533,799,Accused,801,Accused,CO-ACCUSED,0.86,401
R534,800,Accused,801,Accused,CO-ACCUSED,0.69,401
R535,802,Accused,803,Accused,CO-ACCUSED,0.92,402
R536,802,Accused,804,Accused,CO-ACCUSED,0.65,402
R537,803,Accused,804,Accused,CO-ACCUSED,0.84,402
R538,805,Accused,806,Accused,CO-ACCUSED,0.9,403
R539,805,Accused,807,Accused,CO-ACCUSED,0.74,403
R540,806,Accused,807,Accused,CO-ACCUSED,0.68,403
R541,808,Accused,809,Accused,CO-ACCUSED,0.72,404
R542,811,Accused,812,Accused,CO-ACCUSED,0.92,406
R543,811,Accused,813,Accused,CO-ACCUSED,0.64,406
R544,812,Accused,813,Accused,CO-ACCUSED,0.69,406
R545,814,Accused,815,Accused,CO-ACCUSED,0.97,407
R546,814,Accused,816,Accused,CO-ACCUSED,0.79,407
R547,815,Accused,816,Accused,CO-ACCUSED,0.99,407
R548,817,Accused,818,Accused,CO-ACCUSED,0.62,408
R549,819,Accused,820,Accused,CO-ACCUSED,0.91,409
R550,819,Accused,821,Accused,CO-ACCUSED,0.89,409
R551,820,Accused,821,Accused,CO-ACCUSED,0.99,409
R552,822,Accused,823,Accused,CO-ACCUSED,0.93,410
R553,822,Accused,824,Accused,CO-ACCUSED,0.92,410
R554,823,Accused,824,Accused,CO-ACCUSED,0.78,410
R555,825,Accused,826,Accused,CO-ACCUSED,0.62,411
R556,825,Accused,827,Accused,CO-ACCUSED,0.73,411
R557,826,Accused,827,Accused,CO-ACCUSED,0.8,411
R558,828,Accused,829,Accused,CO-ACCUSED,0.93,412
R559,832,Accused,833,Accused,CO-ACCUSED,0.99,415
R560,832,Accused,834,Accused,CO-ACCUSED,0.82,415
R561,833,Accused,834,Accused,CO-ACCUSED,0.9,415
R562,835,Accused,836,Accused,CO-ACCUSED,0.77,416
R563,837,Accused,838,Accused,CO-ACCUSED,0.94,417
R564,839,Accused,840,Accused,CO-ACCUSED,0.88,418
R565,839,Accused,841,Accused,CO-ACCUSED,0.79,418
R566,840,Accused,841,Accused,CO-ACCUSED,0.79,418
R567,842,Accused,843,Accused,CO-ACCUSED,1,419
R568,845,Accused,846,Accused,CO-ACCUSED,0.75,421
R569,847,Accused,848,Accused,CO-ACCUSED,0.97,422
R570,849,Accused,850,Accused,CO-ACCUSED,0.82,423
R571,851,Accused,852,Accused,CO-ACCUSED,0.61,424
R572,851,Accused,853,Accused,CO-ACCUSED,0.67,424
R573,852,Accused,853,Accused,CO-ACCUSED,0.68,424
R574,854,Accused,855,Accused,CO-ACCUSED,0.82,425
R575,854,Accused,856,Accused,CO-ACCUSED,0.93,425
R576,855,Accused,856,Accused,CO-ACCUSED,0.99,425
R577,857,Accused,858,Accused,CO-ACCUSED,0.94,426
R578,859,Accused,860,Accused,CO-ACCUSED,0.72,427
R579,859,Accused,861,Accused,CO-ACCUSED,0.77,427
R580,860,Accused,861,Accused,CO-ACCUSED,0.83,427
R581,863,Accused,864,Accused,CO-ACCUSED,0.88,429
R582,865,Accused,866,Accused,CO-ACCUSED,0.97,430
R583,865,Accused,867,Accused,CO-ACCUSED,0.93,430
R584,866,Accused,867,Accused,CO-ACCUSED,0.67,430
R585,868,Accused,869,Accused,CO-ACCUSED,0.62,431
R586,868,Accused,870,Accused,CO-ACCUSED,0.84,431
R587,869,Accused,870,Accused,CO-ACCUSED,0.65,431
R588,872,Accused,873,Accused,CO-ACCUSED,0.93,433
R589,875,Accused,876,Accused,CO-ACCUSED,0.79,435
R590,877,Accused,878,Accused,CO-ACCUSED,0.69,436
R591,879,Accused,880,Accused,CO-ACCUSED,0.78,437
R592,881,Accused,882,Accused,CO-ACCUSED,0.88,438
R593,881,Accused,883,Accused,CO-ACCUSED,0.7,438
R594,882,Accused,883,Accused,CO-ACCUSED,0.75,438
R595,885,Accused,886,Accused,CO-ACCUSED,0.9,440
R596,888,Accused,889,Accused,CO-ACCUSED,0.84,442
R597,888,Accused,890,Accused,CO-ACCUSED,0.88,442
R598,889,Accused,890,Accused,CO-ACCUSED,0.98,442
R599,891,Accused,892,Accused,CO-ACCUSED,0.83,443
R600,893,Accused,894,Accused,CO-ACCUSED,0.71,444
R601,893,Accused,895,Accused,CO-ACCUSED,0.63,444
R602,894,Accused,895,Accused,CO-ACCUSED,0.9,444
R603,897,Accused,898,Accused,CO-ACCUSED,0.65,446
R604,900,Accused,901,Accused,CO-ACCUSED,0.65,448
R605,900,Accused,902,Accused,CO-ACCUSED,0.79,448
R606,901,Accused,902,Accused,CO-ACCUSED,0.91,448
R607,903,Accused,904,Accused,CO-ACCUSED,0.91,449
R608,906,Accused,907,Accused,CO-ACCUSED,0.79,451
R609,908,Accused,909,Accused,CO-ACCUSED,0.81,452
R610,908,Accused,910,Accused,CO-ACCUSED,0.85,452
R611,909,Accused,910,Accused,CO-ACCUSED,0.94,452
R612,913,Accused,914,Accused,CO-ACCUSED,0.93,455
R613,915,Accused,916,Accused,CO-ACCUSED,0.95,456
R614,915,Accused,917,Accused,CO-ACCUSED,0.78,456
R615,916,Accused,917,Accused,CO-ACCUSED,0.86,456
R616,918,Accused,919,Accused,CO-ACCUSED,0.96,457
R617,921,Accused,922,Accused,CO-ACCUSED,0.79,459
R618,921,Accused,923,Accused,CO-ACCUSED,0.91,459
R619,922,Accused,923,Accused,CO-ACCUSED,0.85,459
R620,924,Accused,925,Accused,CO-ACCUSED,0.64,460
R621,924,Accused,926,Accused,CO-ACCUSED,0.96,460
R622,925,Accused,926,Accused,CO-ACCUSED,0.84,460
R623,927,Accused,928,Accused,CO-ACCUSED,0.98,461
R624,929,Accused,930,Accused,CO-ACCUSED,0.69,462
R625,929,Accused,931,Accused,CO-ACCUSED,0.93,462
R626,930,Accused,931,Accused,CO-ACCUSED,0.89,462
R627,932,Accused,933,Accused,CO-ACCUSED,0.7,463
R628,934,Accused,935,Accused,CO-ACCUSED,0.89,464
R629,934,Accused,936,Accused,CO-ACCUSED,0.84,464
R630,935,Accused,936,Accused,CO-ACCUSED,0.87,464
R631,937,Accused,938,Accused,CO-ACCUSED,0.95,465
R632,939,Accused,940,Accused,CO-ACCUSED,0.8,466
R633,939,Accused,941,Accused,CO-ACCUSED,0.68,466
R634,940,Accused,941,Accused,CO-ACCUSED,0.69,466
R635,942,Accused,943,Accused,CO-ACCUSED,0.72,467
R636,942,Accused,944,Accused,CO-ACCUSED,0.97,467
R637,943,Accused,944,Accused,CO-ACCUSED,0.74,467
R638,946,Accused,947,Accused,CO-ACCUSED,0.64,469
R639,946,Accused,948,Accused,CO-ACCUSED,0.93,469
R640,947,Accused,948,Accused,CO-ACCUSED,0.7,469
R641,953,Accused,954,Accused,CO-ACCUSED,0.67,474
R642,956,Accused,957,Accused,CO-ACCUSED,0.78,476
R643,956,Accused,958,Accused,CO-ACCUSED,0.83,476
R644,957,Accused,958,Accused,CO-ACCUSED,0.99,476
R645,959,Accused,960,Accused,CO-ACCUSED,0.64,477
R646,961,Accused,962,Accused,CO-ACCUSED,1,478
R647,963,Accused,964,Accused,CO-ACCUSED,0.95,479
R648,963,Accused,965,Accused,CO-ACCUSED,0.71,479
R649,964,Accused,965,Accused,CO-ACCUSED,0.61,479
R650,966,Accused,967,Accused,CO-ACCUSED,0.87,480
R651,970,Accused,971,Accused,CO-ACCUSED,0.75,483
R652,970,Accused,972,Accused,CO-ACCUSED,0.72,483
R653,971,Accused,972,Accused,CO-ACCUSED,0.82,483
R654,973,Accused,974,Accused,CO-ACCUSED,0.9,484
R655,973,Accused,975,Accused,CO-ACCUSED,0.77,484
R656,974,Accused,975,Accused,CO-ACCUSED,0.94,484
R657,977,Accused,978,Accused,CO-ACCUSED,0.69,486
R658,977,Accused,979,Accused,CO-ACCUSED,0.68,486
R659,978,Accused,979,Accused,CO-ACCUSED,0.7,486
R660,984,Accused,985,Accused,CO-ACCUSED,0.93,491
R661,984,Accused,986,Accused,CO-ACCUSED,0.62,491
R662,985,Accused,986,Accused,CO-ACCUSED,0.67,491
R663,987,Accused,988,Accused,CO-ACCUSED,0.7,492
R664,987,Accused,989,Accused,CO-ACCUSED,0.8,492
R665,988,Accused,989,Accused,CO-ACCUSED,0.61,492
R666,990,Accused,991,Accused,CO-ACCUSED,0.69,493
R667,992,Accused,993,Accused,CO-ACCUSED,0.69,494
R668,992,Accused,994,Accused,CO-ACCUSED,0.75,494
R669,993,Accused,994,Accused,CO-ACCUSED,0.61,494
R670,995,Accused,996,Accused,CO-ACCUSED,0.94,495
R671,995,Accused,997,Accused,CO-ACCUSED,0.7,495
R672,996,Accused,997,Accused,CO-ACCUSED,0.73,495
R673,998,Accused,999,Accused,CO-ACCUSED,0.74,496
R674,1000,Accused,1001,Accused,CO-ACCUSED,0.75,497
R675,1000,Accused,1002,Accused,CO-ACCUSED,0.88,497
R676,1001,Accused,1002,Accused,CO-ACCUSED,0.61,497
R677,1003,Accused,1004,Accused,CO-ACCUSED,0.64,498
R678,1003,Accused,1005,Accused,CO-ACCUSED,0.81,498
R679,1004,Accused,1005,Accused,CO-ACCUSED,0.69,498
R680,1006,Accused,1007,Accused,CO-ACCUSED,0.81,499
R681,1006,Accused,1008,Accused,CO-ACCUSED,0.98,499
R682,1007,Accused,1008,Accused,CO-ACCUSED,0.93,499
R683,1009,Accused,1010,Accused,CO-ACCUSED,0.87,500
R684,3,Accused,137,Accused,REPEAT-OFFENDER-LINK,0.5,2
R685,137,Accused,177,Accused,REPEAT-OFFENDER-LINK,0.5,70
R686,4,Accused,540,Accused,REPEAT-OFFENDER-LINK,0.5,2
R687,5,Accused,203,Accused,REPEAT-OFFENDER-LINK,0.5,3
R688,9,Accused,133,Accused,REPEAT-OFFENDER-LINK,0.5,6
R689,133,Accused,232,Accused,REPEAT-OFFENDER-LINK,0.5,68
R690,11,Accused,361,Accused,REPEAT-OFFENDER-LINK,0.5,6
R691,12,Accused,53,Accused,REPEAT-OFFENDER-LINK,0.5,7
R692,15,Accused,551,Accused,REPEAT-OFFENDER-LINK,0.5,8
R693,16,Accused,552,Accused,REPEAT-OFFENDER-LINK,0.5,8
R694,22,Accused,1000,Accused,REPEAT-OFFENDER-LINK,0.5,11
R695,24,Accused,140,Accused,REPEAT-OFFENDER-LINK,0.5,13
R696,26,Accused,55,Accused,REPEAT-OFFENDER-LINK,0.5,13
R697,27,Accused,556,Accused,REPEAT-OFFENDER-LINK,0.5,14
R698,28,Accused,227,Accused,REPEAT-OFFENDER-LINK,0.5,14
R699,30,Accused,461,Accused,REPEAT-OFFENDER-LINK,0.5,15
R700,461,Accused,570,Accused,REPEAT-OFFENDER-LINK,0.5,234
R701,34,Accused,208,Accused,REPEAT-OFFENDER-LINK,0.5,17
R702,36,Accused,107,Accused,REPEAT-OFFENDER-LINK,0.5,18
R703,107,Accused,118,Accused,REPEAT-OFFENDER-LINK,0.5,56
R704,37,Accused,103,Accused,REPEAT-OFFENDER-LINK,0.5,18
R705,38,Accused,418,Accused,REPEAT-OFFENDER-LINK,0.5,18
R706,39,Accused,76,Accused,REPEAT-OFFENDER-LINK,0.5,19
R707,40,Accused,80,Accused,REPEAT-OFFENDER-LINK,0.5,19
R708,80,Accused,320,Accused,REPEAT-OFFENDER-LINK,0.5,42
R709,42,Accused,198,Accused,REPEAT-OFFENDER-LINK,0.5,21
R710,46,Accused,580,Accused,REPEAT-OFFENDER-LINK,0.5,23
R711,47,Accused,214,Accused,REPEAT-OFFENDER-LINK,0.5,23
R712,48,Accused,216,Accused,REPEAT-OFFENDER-LINK,0.5,23
R713,54,Accused,256,Accused,REPEAT-OFFENDER-LINK,0.5,26
R714,57,Accused,468,Accused,REPEAT-OFFENDER-LINK,0.5,28
R715,58,Accused,245,Accused,REPEAT-OFFENDER-LINK,0.5,29
R716,62,Accused,114,Accused,REPEAT-OFFENDER-LINK,0.5,31
R717,65,Accused,333,Accused,REPEAT-OFFENDER-LINK,0.5,32
R718,66,Accused,345,Accused,REPEAT-OFFENDER-LINK,0.5,33
R719,345,Accused,701,Accused,REPEAT-OFFENDER-LINK,0.5,171
R720,67,Accused,98,Accused,REPEAT-OFFENDER-LINK,0.5,34
R721,71,Accused,116,Accused,REPEAT-OFFENDER-LINK,0.5,37
R722,77,Accused,462,Accused,REPEAT-OFFENDER-LINK,0.5,40
R723,78,Accused,406,Accused,REPEAT-OFFENDER-LINK,0.5,41
R724,81,Accused,197,Accused,REPEAT-OFFENDER-LINK,0.5,42
R725,82,Accused,117,Accused,REPEAT-OFFENDER-LINK,0.5,43
R726,85,Accused,281,Accused,REPEAT-OFFENDER-LINK,0.5,44
R727,281,Accused,794,Accused,REPEAT-OFFENDER-LINK,0.5,139
R728,90,Accused,553,Accused,REPEAT-OFFENDER-LINK,0.5,46
R729,94,Accused,96,Accused,REPEAT-OFFENDER-LINK,0.5,48
R730,99,Accused,113,Accused,REPEAT-OFFENDER-LINK,0.5,51
R731,100,Accused,655,Accused,REPEAT-OFFENDER-LINK,0.5,51
R732,104,Accused,165,Accused,REPEAT-OFFENDER-LINK,0.5,55
R733,110,Accused,286,Accused,REPEAT-OFFENDER-LINK,0.5,57
R734,115,Accused,284,Accused,REPEAT-OFFENDER-LINK,0.5,60
R735,123,Accused,381,Accused,REPEAT-OFFENDER-LINK,0.5,64
R736,124,Accused,629,Accused,REPEAT-OFFENDER-LINK,0.5,65
R737,126,Accused,154,Accused,REPEAT-OFFENDER-LINK,0.5,65
R738,130,Accused,635,Accused,REPEAT-OFFENDER-LINK,0.5,67
R739,136,Accused,143,Accused,REPEAT-OFFENDER-LINK,0.5,69
R740,138,Accused,463,Accused,REPEAT-OFFENDER-LINK,0.5,70
R741,141,Accused,149,Accused,REPEAT-OFFENDER-LINK,0.5,72
R742,142,Accused,237,Accused,REPEAT-OFFENDER-LINK,0.5,73
R743,148,Accused,269,Accused,REPEAT-OFFENDER-LINK,0.5,77
R744,152,Accused,802,Accused,REPEAT-OFFENDER-LINK,0.5,79
R745,802,Accused,844,Accused,REPEAT-OFFENDER-LINK,0.5,402
R746,156,Accused,542,Accused,REPEAT-OFFENDER-LINK,0.5,81
R747,157,Accused,443,Accused,REPEAT-OFFENDER-LINK,0.5,82
R748,163,Accused,326,Accused,REPEAT-OFFENDER-LINK,0.5,85
R749,168,Accused,423,Accused,REPEAT-OFFENDER-LINK,0.5,88
R750,169,Accused,575,Accused,REPEAT-OFFENDER-LINK,0.5,88
R751,170,Accused,261,Accused,REPEAT-OFFENDER-LINK,0.5,89
R752,173,Accused,187,Accused,REPEAT-OFFENDER-LINK,0.5,90
R753,175,Accused,365,Accused,REPEAT-OFFENDER-LINK,0.5,91
R754,176,Accused,431,Accused,REPEAT-OFFENDER-LINK,0.5,91
R755,178,Accused,190,Accused,REPEAT-OFFENDER-LINK,0.5,92
R756,182,Accused,721,Accused,REPEAT-OFFENDER-LINK,0.5,93
R757,183,Accused,319,Accused,REPEAT-OFFENDER-LINK,0.5,93
R758,184,Accused,252,Accused,REPEAT-OFFENDER-LINK,0.5,94
R759,192,Accused,437,Accused,REPEAT-OFFENDER-LINK,0.5,98
R760,195,Accused,258,Accused,REPEAT-OFFENDER-LINK,0.5,100
R761,258,Accused,567,Accused,REPEAT-OFFENDER-LINK,0.5,129
R762,196,Accused,374,Accused,REPEAT-OFFENDER-LINK,0.5,100
R763,200,Accused,687,Accused,REPEAT-OFFENDER-LINK,0.5,103
R764,213,Accused,260,Accused,REPEAT-OFFENDER-LINK,0.5,110
R765,218,Accused,313,Accused,REPEAT-OFFENDER-LINK,0.5,111
R766,226,Accused,301,Accused,REPEAT-OFFENDER-LINK,0.5,114
R767,301,Accused,464,Accused,REPEAT-OFFENDER-LINK,0.5,149
R768,235,Accused,246,Accused,REPEAT-OFFENDER-LINK,0.5,119
R769,239,Accused,576,Accused,REPEAT-OFFENDER-LINK,0.5,121
R770,240,Accused,385,Accused,REPEAT-OFFENDER-LINK,0.5,121
R771,385,Accused,862,Accused,REPEAT-OFFENDER-LINK,0.5,193
R772,243,Accused,455,Accused,REPEAT-OFFENDER-LINK,0.5,122
R773,244,Accused,763,Accused,REPEAT-OFFENDER-LINK,0.5,122
R774,247,Accused,608,Accused,REPEAT-OFFENDER-LINK,0.5,124
R775,250,Accused,398,Accused,REPEAT-OFFENDER-LINK,0.5,126
R776,254,Accused,778,Accused,REPEAT-OFFENDER-LINK,0.5,128
R777,259,Accused,642,Accused,REPEAT-OFFENDER-LINK,0.5,129
R778,264,Accused,855,Accused,REPEAT-OFFENDER-LINK,0.5,131
R779,266,Accused,939,Accused,REPEAT-OFFENDER-LINK,0.5,132
R780,268,Accused,376,Accused,REPEAT-OFFENDER-LINK,0.5,134
R781,277,Accused,868,Accused,REPEAT-OFFENDER-LINK,0.5,138
R782,278,Accused,399,Accused,REPEAT-OFFENDER-LINK,0.5,138
R783,399,Accused,783,Accused,REPEAT-OFFENDER-LINK,0.5,200
R784,290,Accused,677,Accused,REPEAT-OFFENDER-LINK,0.5,144
R785,294,Accused,327,Accused,REPEAT-OFFENDER-LINK,0.5,147
R786,307,Accused,812,Accused,REPEAT-OFFENDER-LINK,0.5,152
R787,315,Accused,350,Accused,REPEAT-OFFENDER-LINK,0.5,156
R788,316,Accused,412,Accused,REPEAT-OFFENDER-LINK,0.5,156
R789,335,Accused,341,Accused,REPEAT-OFFENDER-LINK,0.5,166
R790,337,Accused,387,Accused,REPEAT-OFFENDER-LINK,0.5,167
R791,346,Accused,561,Accused,REPEAT-OFFENDER-LINK,0.5,172
R792,351,Accused,373,Accused,REPEAT-OFFENDER-LINK,0.5,175
R793,352,Accused,472,Accused,REPEAT-OFFENDER-LINK,0.5,175
R794,353,Accused,679,Accused,REPEAT-OFFENDER-LINK,0.5,176
R795,359,Accused,402,Accused,REPEAT-OFFENDER-LINK,0.5,179
R796,402,Accused,683,Accused,REPEAT-OFFENDER-LINK,0.5,202
R797,369,Accused,579,Accused,REPEAT-OFFENDER-LINK,0.5,185
R798,377,Accused,515,Accused,REPEAT-OFFENDER-LINK,0.5,189
R799,515,Accused,809,Accused,REPEAT-OFFENDER-LINK,0.5,262
R800,384,Accused,450,Accused,REPEAT-OFFENDER-LINK,0.5,193
R801,394,Accused,612,Accused,REPEAT-OFFENDER-LINK,0.5,198
R802,410,Accused,509,Accused,REPEAT-OFFENDER-LINK,0.5,206
R803,415,Accused,458,Accused,REPEAT-OFFENDER-LINK,0.5,209
R804,416,Accused,533,Accused,REPEAT-OFFENDER-LINK,0.5,209
R805,417,Accused,554,Accused,REPEAT-OFFENDER-LINK,0.5,210
R806,554,Accused,888,Accused,REPEAT-OFFENDER-LINK,0.5,284
R807,420,Accused,661,Accused,REPEAT-OFFENDER-LINK,0.5,212
R808,442,Accused,470,Accused,REPEAT-OFFENDER-LINK,0.5,224
R809,471,Accused,693,Accused,REPEAT-OFFENDER-LINK,0.5,240
R810,477,Accused,531,Accused,REPEAT-OFFENDER-LINK,0.5,243
R811,531,Accused,615,Accused,REPEAT-OFFENDER-LINK,0.5,270
R812,483,Accused,548,Accused,REPEAT-OFFENDER-LINK,0.5,247
R813,484,Accused,976,Accused,REPEAT-OFFENDER-LINK,0.5,247
R814,517,Accused,564,Accused,REPEAT-OFFENDER-LINK,0.5,263
R815,519,Accused,902,Accused,REPEAT-OFFENDER-LINK,0.5,264
R816,528,Accused,705,Accused,REPEAT-OFFENDER-LINK,0.5,268
R817,705,Accused,829,Accused,REPEAT-OFFENDER-LINK,0.5,356
R818,546,Accused,709,Accused,REPEAT-OFFENDER-LINK,0.5,281
R819,574,Accused,814,Accused,REPEAT-OFFENDER-LINK,0.5,295
R820,577,Accused,895,Accused,REPEAT-OFFENDER-LINK,0.5,296
R821,587,Accused,609,Accused,REPEAT-OFFENDER-LINK,0.5,301
R822,588,Accused,684,Accused,REPEAT-OFFENDER-LINK,0.5,301
R823,598,Accused,979,Accused,REPEAT-OFFENDER-LINK,0.5,305
R824,605,Accused,893,Accused,REPEAT-OFFENDER-LINK,0.5,310
R825,632,Accused,796,Accused,REPEAT-OFFENDER-LINK,0.5,321
R826,643,Accused,707,Accused,REPEAT-OFFENDER-LINK,0.5,326
R827,666,Accused,930,Accused,REPEAT-OFFENDER-LINK,0.5,337
R828,706,Accused,896,Accused,REPEAT-OFFENDER-LINK,0.5,356
R829,718,Accused,1001,Accused,REPEAT-OFFENDER-LINK,0.5,361
R830,727,Accused,865,Accused,REPEAT-OFFENDER-LINK,0.5,364
R831,739,Accused,833,Accused,REPEAT-OFFENDER-LINK,0.5,369
R832,753,Accused,929,Accused,REPEAT-OFFENDER-LINK,0.5,375
R833,801,Accused,913,Accused,REPEAT-OFFENDER-LINK,0.5,401
R834,836,Accused,943,Accused,REPEAT-OFFENDER-LINK,0.5,416
R835,850,Accused,914,Accused,REPEAT-OFFENDER-LINK,0.5,423
R836,905,Accused,971,Accused,REPEAT-OFFENDER-LINK,0.5,450
R837,947,Accused,989,Accused,REPEAT-OFFENDER-LINK,0.5,469
